pid,ses,task,file,demand_rank,n_rest_bins_session,n_task_bins_valid_eeg,clock_source,eeg_frontal_theta_resp_phys,eeg_frontal_theta_resp_own_rest_phys,eeg_frontal_theta_scale_flag,eeg_frontal_theta_resp_z,eeg_frontal_theta_burden,eeg_frontal_theta_t_depart_b1.5,eeg_frontal_theta_t_depart_b2.0,eeg_frontal_theta_t_depart_b2.5,eeg_frontal_theta_departed_b2,eeg_parietal_alpha_resp_phys,eeg_parietal_alpha_resp_own_rest_phys,eeg_parietal_alpha_scale_flag,eeg_parietal_alpha_resp_z,eeg_parietal_alpha_burden,eeg_parietal_alpha_t_depart_b1.5,eeg_parietal_alpha_t_depart_b2.0,eeg_parietal_alpha_t_depart_b2.5,eeg_parietal_alpha_departed_b2,eeg_occipital_alpha_resp_phys,eeg_occipital_alpha_resp_own_rest_phys,eeg_occipital_alpha_scale_flag,eeg_occipital_alpha_resp_z,eeg_occipital_alpha_burden,eeg_occipital_alpha_t_depart_b1.5,eeg_occipital_alpha_t_depart_b2.0,eeg_occipital_alpha_t_depart_b2.5,eeg_occipital_alpha_departed_b2,eeg_central_beta_resp_phys,eeg_central_beta_resp_own_rest_phys,eeg_central_beta_scale_flag,eeg_central_beta_resp_z,eeg_central_beta_burden,eeg_central_beta_t_depart_b1.5,eeg_central_beta_t_depart_b2.0,eeg_central_beta_t_depart_b2.5,eeg_central_beta_departed_b2,load_rating,hr_resp_phys,hr_resp_own_rest_phys,hr_scale_flag,hr_resp_z,hr_burden,hr_t_depart_b1.5,hr_t_depart_b2.0,hr_t_depart_b2.5,hr_departed_b2,error_rate_task,rt_mean_task,hits_task,n_targets_task
sub-001,ses-01,activemotor,sub-001_ses-01_activemotor,2,14,17,declared_unverified,-0.06900458886425587,-0.3164627634606738,False,-0.5530877975288699,269.35844694059136,60.0,,,False,-0.08811429252233727,-0.10361237914734367,False,-0.3443466865360682,72.99681599593647,,,,False,-0.0476030796693111,0.027602286188883052,False,-0.12126750204934608,52.760071840771595,,,,False,-0.1368510672131411,-0.061757547483045405,False,-0.6471932044541513,177.60850160220753,30.0,,,False,2.0,,,,,,,,,,,,,
sub-001,ses-01,full,sub-001_ses-01_full,6,14,18,declared_unverified,0.1692110731608194,0.21574699404337272,False,1.356266029729114,282.136941080322,,,,False,0.4227807107609207,0.23303082845432277,False,1.6522079757376602,288.539128931071,60.0,70.0,,True,0.6483765195672492,0.3523218534345569,False,1.651720885740482,283.649186070553,60.0,70.0,,True,0.14427472602403313,-0.04141757542766733,False,0.6823010164167183,134.0628426218773,,,,False,8.0,,,,,,,,,,,,,
sub-001,ses-01,mentalarithmetic,sub-001_ses-01_mentalarithmetic,3,14,18,declared_unverified,0.07124539310363653,0.11177485112263907,False,0.5710483636571677,188.79156506423834,,,,False,-0.05777114252756932,-0.03792370095420472,False,-0.22576702300286222,55.489823282550034,,,,False,0.06444077473584076,0.22197868196256265,False,0.16416105505413214,51.146715951573015,,,,False,-0.14291654951082244,-0.2682697804376697,False,-0.6758779564603772,125.73078652091935,,,,False,5.0,,,,,,,,,,,,,
sub-001,ses-01,motorimagery,sub-001_ses-01_motorimagery,1,14,18,declared_unverified,0.05951108829584695,-0.19324819389962378,False,0.4769951867816413,187.32203531111804,,,,False,-0.18592932989215638,-0.2812869226842587,False,-0.726603447017466,121.82128244155533,,,,False,-0.19250219484162168,-0.3293154751931403,False,-0.49039390874766503,83.42405336011583,,,,False,-0.25342757890146084,-0.34111190619902865,False,-1.1985044050174862,200.03531509409953,160.0,,,False,1.0,,,,,,,,,,,,,
sub-001,ses-01,nback,sub-001_ses-01_nback,4,14,18,event_matched,-0.027703070607591584,-0.009637749407933605,False,-0.22204654153191253,163.85385549351994,,,,False,-0.07332899446315433,0.22071883870924158,False,-0.28656640764615765,68.81602001883084,,,,False,-0.025778916432986243,0.2586191501732906,False,-0.06567106210530436,50.19565268508672,,,,False,-0.032715044794874526,0.22575943886648941,False,-0.15471530552026866,60.068242742783404,,,,False,5.0,10.084688787890116,3.0109899885160303,False,1.4949335424559251,380.5150506242862,50.0,60.0,60.0,True,0.10978835978835977,1.1792714582984303,15.0,18.0
sub-001,ses-01,nbackarithmetic,sub-001_ses-01_nbackarithmetic,5,14,18,declared_unverified,0.2012816916822131,0.193339340718917,False,1.6133194816130128,289.90899693270944,40.0,110.0,,True,0.22223012449749158,0.07508419151235124,False,0.8684653173582476,182.34768992360034,,,,False,0.4328719178431847,0.22620168708940525,False,1.1027289946115466,200.3284674205945,,,,False,-0.011363560135360551,-0.10050992825267846,False,-0.053740310892550415,31.94079875276246,,,,False,6.0,,,,,,,,,,,,,
sub-001,ses-01,passivemotor,sub-001_ses-01_passivemotor,0,14,17,declared_unverified,-0.11660777304809633,-0.05693369290380801,False,-0.9346383687147182,213.42105421084887,120.0,,,False,-0.24142304336573772,-0.017758568414451337,False,-0.9434703798520624,158.0901950595615,,,,False,-0.3221084024457571,0.05819669119022608,False,-0.8205620649977525,130.6127653895156,,,,False,-0.2554825563197787,-0.1429314415007883,False,-1.208222761238784,222.87428701375512,140.0,,,False,1.0,,,,,,,,,,,,,
sub-001,ses-02,activemotor,sub-001_ses-02_activemotor,2,13,18,declared_unverified,-0.35764226919541753,-0.2381083319606483,False,-2.300261567402176,467.1231527345713,50.0,60.0,60.0,True,-0.24877494641497067,-0.1319828408864403,False,-1.1503040741527544,221.37914260298484,,,,False,-0.250028866613039,-0.19440973667928918,False,-1.0525223503001682,206.04046309285255,,,,False,-0.4170652733300557,-0.3036410419541298,False,-4.032125969126244,665.2939920256216,50.0,60.0,60.0,True,1.0,,,,,,,,,,,,,
sub-001,ses-02,full,sub-001_ses-02_full,6,13,18,declared_unverified,-0.14244139275630752,-0.17329673026659842,False,-0.9161457959141344,174.17016447960145,,,,False,0.1732692297231353,-0.052595049052614584,False,0.801175133380866,146.99527722073515,10.0,,,False,0.25638697219869644,0.03669018161610138,False,1.079287452766636,175.67516389132805,10.0,,,False,-0.09568719021518368,-0.1488516593503908,False,-0.9250897383490222,226.10057998843735,,,,False,9.0,,,,,,,,,,,,,
sub-001,ses-02,mentalarithmetic,sub-001_ses-02_mentalarithmetic,3,13,18,declared_unverified,-0.22036329576202984,-0.09091702051490924,False,-1.4173191028225665,230.28816327366332,,,,False,-0.3821608036342907,-0.2929940632546746,False,-1.7670635075476442,294.7916041773746,30.0,,,False,-0.4709787004229723,-0.25384866554488783,False,-1.9826335071850218,336.2877401271935,30.0,30.0,,True,-0.5675462445823596,-0.5762484638838878,False,-5.486953956124765,883.6370273845359,30.0,30.0,30.0,True,4.0,,,,,,,,,,,,,
sub-001,ses-02,motorimagery,sub-001_ses-02_motorimagery,1,13,17,declared_unverified,-0.16356500118849393,-0.10391174721762697,False,-1.0520073224353779,230.4567096170332,150.0,150.0,,True,-0.3734261949283306,-0.23532981849320833,False,-1.7266757750794548,271.12100313505346,50.0,,,False,-0.42433126627609596,-0.30416141089058624,False,-1.7862663129132939,273.65217598475095,50.0,,,False,-0.6566500248409565,-0.42323588956090485,False,-6.348396251378351,961.4198509400859,30.0,30.0,30.0,True,1.0,,,,,,,,,,,,,
sub-001,ses-02,nback,sub-001_ses-02_nback,4,13,18,event_matched,-0.3777089235110742,-0.2500190497127148,False,-2.4293250413939163,466.9317016042078,30.0,120.0,120.0,True,-0.07332848501937494,-0.3377049699949901,False,-0.3390616952582337,134.42942303433557,,,,False,-0.0683333189720734,-0.3965159510386911,False,-0.28765616731611066,133.48076591224842,,,,False,-0.26177783728195614,-0.34410890035470265,False,-2.5308297845526075,483.98861131214517,20.0,60.0,80.0,True,2.0,3.9313577823578854,,False,0.7031070101130059,140.5733405457342,,,,False,0.14417989417989419,0.8353149949632552,10.0,18.0
sub-001,ses-02,nbackarithmetic,sub-001_ses-02_nbackarithmetic,5,13,18,event_matched,-0.17113502574357398,-0.12926068234528332,False,-1.1006957411379972,255.3360202743985,130.0,,,False,0.0914663269311018,-0.07124955144639045,False,0.422928795816646,115.43468522894727,,,,False,0.07381806115540468,-0.13447530415105735,False,0.31074475629301657,111.15769256436596,,,,False,0.002221622293137937,-0.04676778545909621,False,0.021478318897728575,157.23994760449386,110.0,,,False,7.0,-1.8892286377327991,0.959594860316507,False,-0.3378806947709279,82.33388991374056,,,,False,0.1388888888888889,0.8006722442115688,9.0,18.0
sub-001,ses-02,passivemotor,sub-001_ses-02_passivemotor,0,13,16,declared_unverified,-0.0887278299672849,-0.12467104875236101,False,-0.5706742038403213,279.73211692903936,130.0,130.0,,True,-0.11001531465492209,-0.28151028208036477,False,-0.508696982917483,193.8342366231062,130.0,,,False,-0.224664706658398,-0.34460030835031663,False,-0.9457492980103092,216.09058069135486,130.0,,,False,-0.12162058735485304,-0.2763643382796901,False,-1.1758100230651602,409.4159646815118,20.0,130.0,130.0,True,1.0,,,,,,,,,,,,,
sub-001,ses-03,activemotor,sub-001_ses-03_activemotor,2,12,17,declared_unverified,-0.3594066693707023,-0.4215720535369434,False,-2.022464478167254,306.9145139739651,30.0,30.0,,True,-0.2684426690410776,-0.283051904817438,False,-1.3413117787045261,235.9181648305704,,,,False,-0.33187605043008317,-0.2587823417258349,False,-1.1138700487029414,189.85970241487536,,,,False,-0.41515922205434486,-0.41092278876503185,False,-3.22632244025564,454.91593572265776,20.0,20.0,20.0,True,1.0,,,,,,,,,,,,,
sub-001,ses-03,mentalarithmetic,sub-001_ses-03_mentalarithmetic,3,12,18,declared_unverified,-0.47205919778734895,-0.32383600122238465,False,-2.6563863180076783,508.72130976146843,20.0,20.0,20.0,True,-0.19331569687984296,-0.22652455793590798,False,-0.9659292323372373,167.114136036171,,,,False,-0.2591111023138999,-0.2372145367195193,False,-0.8696502678630604,145.98079666621473,,,,False,-0.38141596818851553,-0.3575267861682744,False,-2.96409385090657,518.5702357987116,20.0,20.0,30.0,True,2.0,,,,,,,,,,,,,
sub-001,ses-03,motorimagery,sub-001_ses-03_motorimagery,1,12,18,declared_unverified,-0.25712849318641773,-0.14921920553703139,False,-1.4469215184702748,233.28497797169024,,,,False,-0.20291014439925892,-0.2936847580063682,False,-1.0138692469181003,184.30729588358588,150.0,,,False,-0.28812050646161635,-0.2918182581348492,False,-0.9670140468069941,167.94390420201154,,,,False,-0.3040782137155087,-0.5209208305241855,False,-2.3630797833385837,411.2867741563178,60.0,60.0,80.0,True,1.0,,,,,,,,,,,,,
sub-001,ses-03,nback,sub-001_ses-03_nback,4,12,17,event_matched,-0.3343777736950202,-0.14504271168300864,False,-1.8816210917035205,359.8450785985997,20.0,50.0,,True,0.020262125419033716,0.07828195549974704,False,0.1012425766113192,51.364751662616754,,,,False,0.05240396127170244,0.2005657085234973,False,0.17588254053974103,44.91575976967716,,,,False,0.027167496228052146,-0.016065494240851352,False,0.2111264740607194,100.37849516385991,,,,False,2.0,3.918888469320251,2.83226046356355,False,1.2100118653445788,405.982374753571,140.0,140.0,150.0,True,0.04100529100529101,0.6002421963130473,15.0,18.0
sub-001,ses-03,nbackarithmetic,sub-001_ses-03_nbackarithmetic,5,12,17,declared_unverified,-0.22615129264243805,-0.007219948986403768,False,-1.272605644357647,232.37146762582458,80.0,,,False,0.33391897206159693,0.20638587672811637,False,1.6684733912051464,273.2854171594192,50.0,,,False,0.4508397248358149,0.2705889283822023,False,1.5131458434837681,247.70723006382784,,,,False,0.33760984959230744,0.21970136960615338,False,2.6236638280635622,457.8208744301474,10.0,10.0,10.0,True,8.0,,,,,,,,,,,,,
sub-001,ses-03,passivemotor,sub-001_ses-03_passivemotor,0,12,17,declared_unverified,-0.27150750710395855,-0.36086246611520223,False,-1.5278355564045678,289.832439369474,100.0,,,False,-0.2902332529335089,-0.0002178424471771523,False,-1.450191514344819,223.8496579010847,100.0,,,False,-0.3542905180225687,0.08929783110021983,False,-1.1890993521628852,200.9265346833086,,,,False,-0.30904463643707747,-0.18401578323040713,False,-2.401675291334538,365.67637677821926,60.0,70.0,70.0,True,1.0,,,,,,,,,,,,,
sub-002,ses-01,activemotor,sub-002_ses-01_activemotor,2,14,17,declared_unverified,0.2032327007100393,-0.06742744680791679,False,1.6101662074487444,329.44810866455293,10.0,10.0,10.0,True,0.12115734080423701,-0.02801494151176387,False,1.10038428604366,747.4738060317576,30.0,30.0,30.0,True,0.18457844650267263,0.012727519187560099,False,1.1645301768593062,498.9802790967768,30.0,30.0,30.0,True,0.07996351491145637,-0.08719938271350647,False,1.1657446768420754,381.3792976766356,30.0,30.0,30.0,True,1.0,,,,,,,,,,,,,
sub-002,ses-01,full,sub-002_ses-01_full,6,14,18,declared_unverified,0.4906930421184913,0.5248916632407327,False,3.8876487488924507,675.7181867654338,10.0,10.0,10.0,True,-0.029574971519389703,-0.07581174086441678,False,-0.2686080241122882,130.503386211936,,,,False,-0.07572680376647711,-0.11590912612973236,False,-0.47777056234942716,115.60190307862919,,,,False,0.15780946958309072,0.15814024265534488,False,2.300618592435119,547.946177997469,30.0,50.0,70.0,True,7.0,,,,,,,,,,,,,
sub-002,ses-01,mentalarithmetic,sub-002_ses-01_mentalarithmetic,3,14,18,declared_unverified,0.3198533173773853,0.400424938358104,False,2.534124681619228,449.52727651076145,10.0,70.0,70.0,True,0.27860085002873736,0.4457758107337191,False,2.5303295319544334,500.5058924954071,60.0,60.0,80.0,True,0.24848473332524246,0.4628711723598778,False,1.5677235123001871,264.1050930450225,60.0,110.0,110.0,True,0.08976750577106207,0.12368755297878753,False,1.3086717376278467,224.35942643084843,150.0,,,False,3.0,,,,,,,,,,,,,
sub-002,ses-01,motorimagery,sub-002_ses-01_motorimagery,1,14,18,declared_unverified,0.1314460330452295,0.20204549299093166,False,1.0414168574898273,229.56653845316828,,,,False,1.0741934189673594,1.1102194049469543,False,9.756120021758178,1185.5873243105475,80.0,80.0,80.0,True,1.0982338185139469,1.2120400387936532,False,6.928904469289698,854.8134345083727,80.0,80.0,80.0,True,0.13852687091061067,0.18470598550364437,False,2.0195080536723307,463.86738248850645,80.0,80.0,80.0,True,1.0,,,,,,,,,,,,,
sub-002,ses-01,nback,sub-002_ses-01_nback,4,14,18,event_matched,0.34295328240022005,0.15667180213141063,False,2.7171404214242294,483.5004996029726,10.0,10.0,160.0,True,0.05085991756936037,0.10333896383954944,False,0.46192375725072715,212.69515194216237,140.0,,,False,-0.030245342306469913,0.13922844849110405,False,-0.19082192147940558,181.08724432096867,150.0,,,False,0.1512594766526355,-0.012052897343278635,False,2.205129801072129,428.13485937969585,80.0,130.0,,True,5.0,10.038992320868715,2.155729995212056,False,1.8956251520518412,344.9486312434282,10.0,10.0,10.0,True,0.11772486772486773,0.6451691335836017,15.0,18.0
sub-002,ses-01,nbackarithmetic,sub-002_ses-01_nbackarithmetic,5,14,18,declared_unverified,0.4610613352009624,0.34102162958304416,False,3.652883511895956,645.1503961851217,10.0,10.0,10.0,True,0.09132952022446106,0.01833209213105702,False,0.8294798172343929,176.62532264506308,,,,False,0.11253383524604876,-0.04453395887213585,False,0.7099910609543445,159.5322087761493,,,,False,0.04141755413301362,-0.20907545700753583,False,0.6038040387774616,205.057300611943,,,,False,3.0,,,,,,,,,,,,,
sub-002,ses-01,passivemotor,sub-002_ses-01_passivemotor,0,14,18,declared_unverified,0.39520266431151707,-0.0660244046954972,False,3.1311003246274374,538.1282320406208,10.0,10.0,10.0,True,0.012722024031651902,-0.038758103888461126,False,0.11554492066410602,139.7022198803762,,,,False,-0.04837780544728876,-0.14746907520698738,False,-0.3052220635781571,129.2727422987571,,,,False,0.121886520594221,0.13086960362476585,False,1.7769174193862027,303.49526148984506,100.0,,,False,1.0,,,,,,,,,,,,,
sub-002,ses-02,activemotor,sub-002_ses-02_activemotor,2,12,18,declared_unverified,0.054319057187951714,0.23337431495970362,False,0.3313915837815542,212.42471782347968,,,,False,0.200862382518894,0.23667628124112494,False,1.2749924169089484,572.1803757011357,20.0,20.0,20.0,True,0.1546206068553101,0.21137526809482154,False,1.229137834792056,741.9695390265106,20.0,20.0,20.0,True,0.036827889521716894,0.21114447855832497,False,0.16916754032979464,155.34094262779814,,,,False,1.0,,,,,,,,,,,,,
sub-002,ses-02,full,sub-002_ses-02_full,6,12,18,declared_unverified,-0.30872139989578296,-0.12642968112567377,False,-1.8834581996650441,358.4280482544485,80.0,,,False,0.8504459614217112,-0.061704451032131846,False,5.39828383097829,933.2572794750932,10.0,10.0,10.0,True,0.9006989980401076,0.08613245999467867,False,7.159997873287177,1239.1920743020619,10.0,10.0,10.0,True,0.2048140548970241,0.020717002100551163,False,0.9408057410259643,203.24089024166375,,,,False,5.0,,,,,,,,,,,,,
sub-002,ses-02,mentalarithmetic,sub-002_ses-02_mentalarithmetic,3,12,17,declared_unverified,-0.19427172543063875,-0.21935206127251416,False,-1.1852196652027769,189.51674079725424,,,,False,0.8630670346803182,0.871754759677394,False,5.478397252397368,890.1163589683689,50.0,50.0,50.0,True,0.9180032226234577,0.9086571529949774,False,7.297555716123984,1195.885582631859,50.0,50.0,50.0,True,0.13773898490501657,0.245252986994293,False,0.632698902557644,116.69679178001059,,,,False,6.0,,,,,,,,,,,,,
sub-002,ses-02,motorimagery,sub-002_ses-02_motorimagery,1,12,17,declared_unverified,-0.162596370333411,-0.17517454501216467,False,-0.9919735627125865,198.1142500450318,,,,False,0.78027393370686,0.6998483512373925,False,4.952860441622924,727.0763650029362,20.0,20.0,20.0,True,0.8753365803182588,0.9053938237134102,False,6.958382397589966,984.6129994235123,20.0,20.0,20.0,True,-0.01801323423067336,-0.014598013400238807,False,-0.08274312125299926,94.05466624015226,,,,False,1.0,,,,,,,,,,,,,
sub-002,ses-02,nback,sub-002_ses-02_nback,4,12,18,declared_unverified,-0.27719709933769754,-0.3578344791415744,False,-1.6911336559344345,279.84448871671685,90.0,,,False,0.7327390691363311,0.7754088454252287,False,4.6511285239478095,796.5885917234606,10.0,30.0,30.0,True,0.8035217342701714,0.8985532937541396,False,6.387498954737668,1044.8325622451812,30.0,30.0,30.0,True,0.015122809736725973,-0.18567060595005258,False,0.06946606387881131,55.536423461424,,,,False,4.0,,,,,,,,,,,,,
sub-002,ses-02,nbackarithmetic,sub-002_ses-02_nbackarithmetic,5,12,18,event_matched,-0.11898860597649197,0.05790173051394243,False,-0.7259298048946112,132.40816148643376,,,,False,0.7063557376150185,-0.052312153287678465,False,4.483657904508631,694.0029179884427,50.0,50.0,60.0,True,0.7122679117305838,-0.0038973922915761516,False,5.662087716649803,952.6278251774015,40.0,50.0,70.0,True,0.06841508111405048,-0.11082063774297812,False,0.3142621297020707,105.19807032656102,,,,False,6.0,0.17701947718694555,2.7784535662388805,False,0.03372684403805572,84.83992895878815,,,,False,0.1527777777777778,0.5134279378101496,9.0,18.0
sub-002,ses-02,passivemotor,sub-002_ses-02_passivemotor,0,12,18,declared_unverified,-0.04436296844237986,-0.32714198613302203,False,-0.27065113303609134,157.19292801770473,,,,False,-0.039421745744046,0.09745533347528135,False,-0.25023315094972265,428.2611655174984,60.0,60.0,60.0,True,-0.14543862281926134,0.06990690924043108,False,-1.156146761954494,614.1167678454992,10.0,10.0,60.0,True,-0.08779898992641533,-0.028023903689283314,False,-0.40330139364987755,92.82535008065013,,,,False,1.0,,,,,,,,,,,,,
sub-002,ses-03,activemotor,sub-002_ses-03_activemotor,2,11,17,declared_unverified,0.013713145030535667,-0.02895392087073212,False,0.07730081104531454,145.4333732684549,,,,False,-0.9460605171029134,0.021256910925112504,False,-7.462009210958718,1281.0794926347,10.0,10.0,10.0,True,-0.9159149074033124,0.09075509174335239,False,-3.3715770753571195,555.598233126008,10.0,10.0,10.0,True,-0.3435035751664435,-0.30659425696784437,False,-2.2681153209728846,342.6763624904464,20.0,20.0,,True,1.0,,,,,,,,,,,,,
sub-002,ses-03,full,sub-002_ses-03_full,6,11,18,declared_unverified,-0.07791243035910078,0.005587124269434307,False,-0.43919130468313994,122.02579758304411,,,,False,0.10918490959141325,0.15095074528696584,False,0.8611909981866342,201.95135900979892,10.0,,,False,0.24766035770627548,0.24766035770627548,False,0.911663275450475,145.24453412783933,,,,False,-0.10546995730493913,-0.0657648249221201,False,-0.6964062192068196,115.66050211149297,,,,False,7.0,,,,,,,,,,,,,
sub-002,ses-03,mentalarithmetic,sub-002_ses-03_mentalarithmetic,3,11,17,declared_unverified,-0.06620951145126264,-0.15239941944880475,False,-0.3732221108068248,168.72145801846779,,,,False,-0.01305990280390934,-0.061511831710749254,False,-0.10300938814720247,244.7584365267744,160.0,160.0,160.0,True,0.10929468814428334,0.03213729055735626,False,0.4023249998739332,154.12420966299916,,,,False,-0.031403614600845176,-0.03014578976379556,False,-0.20735452134840784,132.40229394654654,160.0,,,False,3.0,,,,,,,,,,,,,
sub-002,ses-03,motorimagery,sub-002_ses-03_motorimagery,1,11,16,declared_unverified,-0.18107746237633493,-0.10416342226082498,False,-1.0207311796491187,195.37638962439277,,,,False,-0.6378465253834285,-0.786548006276365,False,-5.030985398444021,610.6553924107088,100.0,100.0,100.0,True,-0.611399133263866,-0.8418419958833974,False,-2.250623158268958,312.5981176481465,100.0,100.0,140.0,True,-0.21458018940953283,-0.5602582324180464,False,-1.4168487618831906,318.8034519053496,140.0,140.0,140.0,True,1.0,,,,,,,,,,,,,
sub-002,ses-03,nback,sub-002_ses-03_nback,4,11,18,event_matched,-0.11222445086566823,-0.32504447465955844,False,-0.6326076951504632,129.26504419111538,,,,False,0.020389183627193885,0.43469088708417214,False,0.16081875660127465,125.92284543302301,,,,False,0.15535561939523324,0.47054917292936693,False,0.571880030172091,120.6848166615867,,,,False,-0.14938748514553468,-0.00942359240525914,False,-0.9863886966999353,165.40969253330218,,,,False,4.0,2.5473711206430494,1.684085593423191,False,1.0370995566457961,385.0988314465704,40.0,40.0,40.0,True,0.007936507936507936,0.913053657531626,17.0,18.0
sub-002,ses-03,nbackarithmetic,sub-002_ses-03_nbackarithmetic,5,11,18,event_matched,-0.07704961031717472,0.05431622048692564,False,-0.4343275999036362,123.34199279268856,,,,False,0.036442437227130586,0.3271572142413819,False,0.28743806272707195,154.94407607120334,,,,False,0.22780548026560288,0.5255832506972733,False,0.8385754273633826,163.43965485930227,,,,False,-0.0338325537316857,-0.1496473718017639,False,-0.22339253217173122,65.03495924516274,,,,False,7.0,-0.13588932715639146,-0.35399798037029484,False,-0.05532400041938651,260.04605185313414,,,,False,0.09722222222222222,0.7174031395461498,13.0,18.0
sub-003,ses-01,activemotor,sub-003_ses-01_activemotor,2,14,18,declared_unverified,-0.09559779392813961,0.048178433938738774,False,-0.8743551490667075,228.99418407063627,,,,False,0.05745780640978615,0.022998534119805125,False,0.9752149011580782,208.13039342144458,,,,False,-0.08332050256298418,-0.17006697261930204,False,-1.2164093684561057,259.61730072578575,20.0,,,False,-0.04225654366149323,-0.03615499456386373,False,-0.5175581921834038,129.49671990620672,,,,False,1.0,,,,,,,,,,,,,
sub-003,ses-01,full,sub-003_ses-01_full,6,14,18,declared_unverified,-0.06887382837696454,-0.04951583353003408,False,-0.6299328049620352,293.4538566460736,,,,False,0.029377224677012315,0.011140674397516648,False,0.4986112253462513,193.20026207726607,,,,False,-0.0779861296737101,-0.061599700678336866,False,-1.1385320038489217,272.7583006386757,,,,False,-0.011935085420517355,0.048684452611152174,False,-0.1461809390583546,76.99669359974223,,,,False,7.0,,,,,,,,,,,,,
sub-003,ses-01,mentalarithmetic,sub-003_ses-01_mentalarithmetic,3,14,18,declared_unverified,-0.16372035080554337,-0.3738656371747344,False,-1.4974166855925495,263.3697177645133,,,,False,-0.06878190772558912,-0.17526964801686296,False,-1.1674156313188087,255.06883437896744,80.0,80.0,80.0,True,-0.11185695432280618,-0.23427509303913563,False,-1.6330176004684305,342.90416008971715,50.0,,,False,0.03390841643014775,-0.21770140509008895,False,0.4153103208812977,124.29871524218183,,,,False,3.0,,,,,,,,,,,,,
sub-003,ses-01,motorimagery,sub-003_ses-01_motorimagery,1,14,17,declared_unverified,-0.15608738289410962,-0.04910885691191913,False,-1.4276041457651156,236.08578207270736,10.0,,,False,0.05949446552661064,0.05135814700453645,False,1.0097825333635502,290.9071650236298,70.0,70.0,,True,0.07231238469001333,0.08178731057222599,False,1.055700091653212,254.7054057737679,80.0,,,False,-0.02003165787934691,-0.02964383658456793,False,-0.24534776723631535,174.46675104690388,,,,False,5.0,,,,,,,,,,,,,
sub-003,ses-01,nback,sub-003_ses-01_nback,4,14,18,event_matched,-0.19719102826839996,-0.23302390154519226,False,-1.8035457078208048,398.80587128191564,30.0,60.0,,True,-0.08048945948626107,-0.026271038962380144,False,-1.36612455611936,370.96284858253443,20.0,30.0,40.0,True,0.051025441353168555,0.07680128723896307,False,0.7449285947919366,279.16462914469264,,,,False,-0.03538016313724657,0.014766226925615245,False,-0.4333362761316817,167.38127779105872,,,,False,5.0,,,False,,,,,,False,0.09523809523809523,1.1571322189118127,11.0,18.0
sub-003,ses-01,nbackarithmetic,sub-003_ses-01_nbackarithmetic,5,14,18,declared_unverified,-0.19083255303698166,-0.06332477956646776,False,-1.745389914361985,339.7354260705192,80.0,,,False,-0.18390098383273124,-0.11192837490346874,False,-3.121298757774449,511.50275169535,20.0,20.0,20.0,True,-0.1904076522533682,-0.0034954797752395628,False,-2.779791826767326,471.1790993675581,10.0,10.0,10.0,True,0.3735646615537671,0.3852188456813648,False,4.5754203762187435,751.4146631648497,90.0,90.0,90.0,True,7.0,,,,,,,,,,,,,
sub-003,ses-01,passivemotor,sub-003_ses-01_passivemotor,0,14,18,declared_unverified,-0.07508053392026359,-0.0740194457648149,False,-0.6867004847120912,219.12052767507112,,,,False,0.07927382908761937,-0.07407124516417252,False,1.3454920093318758,357.6531356446919,10.0,10.0,,True,0.136838406342632,0.0016773113376125082,False,1.9977258216122238,411.48170089190813,30.0,30.0,30.0,True,0.02339335833740841,-0.01837204202817344,False,0.2865218780598171,182.08382824937166,,,,False,1.0,,,,,,,,,,,,,
sub-003,ses-02,activemotor,sub-003_ses-02_activemotor,2,12,17,declared_unverified,0.05452609230104799,0.0774370648643401,False,0.3487122233696372,140.16662965577356,,,,False,0.12487200068524174,0.0974534647068187,False,4.717806246181344,937.0926940624709,10.0,10.0,10.0,True,0.033903406405193626,-0.13198405982596617,False,0.3203153782961001,185.05613385641635,150.0,,,False,0.06014279087739516,0.08367013088118092,False,1.8135880552866686,484.8066807138564,60.0,110.0,,True,1.0,,,,,,,,,,,,,
sub-003,ses-02,full,sub-003_ses-02_full,6,12,18,declared_unverified,-0.025712470623253658,-0.1700006936725531,False,-0.16443967320924066,113.01905720517452,,,,False,0.14291122872789674,0.1460509709018999,False,5.399348803911706,1272.0427178492266,70.0,80.0,80.0,True,-0.028224805093586935,-0.010739159060236592,False,-0.2666646239860144,238.78578033190362,,,,False,0.20946228089637986,0.19943489637325518,False,6.316273074875777,1092.7096414126274,80.0,80.0,80.0,True,7.0,,,,,,,,,,,,,
sub-003,ses-02,mentalarithmetic,sub-003_ses-02_mentalarithmetic,3,12,18,declared_unverified,-0.10987858514499194,-0.16242897180571814,False,-0.7027095489453165,169.68905972585054,,,,False,-0.025562334112775642,0.05763381792934097,False,-0.9657740637007368,506.6700032100235,50.0,50.0,50.0,True,0.01628351970971975,0.09092533420416204,False,0.15384477044795924,144.97321031932043,,,,False,0.08007853782633756,0.08007853782633756,False,2.4147446031017554,487.1622158280111,80.0,80.0,120.0,True,2.0,,,,,,,,,,,,,
sub-003,ses-02,motorimagery,sub-003_ses-02_motorimagery,1,12,18,declared_unverified,-0.12622029951257785,0.08348265770893293,False,-0.8072201659785297,201.48623851179042,,,,False,-0.0034221128518810984,0.07206436492212176,False,-0.12929131670147054,602.6214142570943,10.0,10.0,,True,0.012438495725542231,0.15914040466134416,False,0.11751743810471924,186.52639003274064,,,,False,0.017118675420637053,0.06888510323397878,False,0.5162085897956834,345.39746446287296,10.0,10.0,10.0,True,3.0,,,,,,,,,,,,,
sub-003,ses-02,nback,sub-003_ses-02_nback,4,12,18,declared_unverified,-0.12805676833893465,-0.042133610745342054,False,-0.8189649857622787,230.62577762797588,60.0,60.0,60.0,True,0.1360286933891366,0.12970586599688716,False,5.139318788915688,1127.070831968224,20.0,20.0,20.0,True,0.0014207629883279393,0.009684728356180172,False,0.01342320086177673,201.8411162298446,,,,False,0.08633623786562805,0.08171378477223679,False,2.603443695366356,748.7462889792117,90.0,90.0,90.0,True,5.0,,,,,,,,,,,,,
sub-003,ses-02,passivemotor,sub-003_ses-02_passivemotor,0,12,18,declared_unverified,0.028428673093668477,-0.005763067200403649,False,0.18181067785323726,101.92012398745089,,,,False,0.11541470082361949,-0.04525044265275657,False,4.360498698337717,1103.1254518904302,10.0,10.0,10.0,True,0.1055031207667112,-0.0504964303896569,False,0.9967810206419643,225.8149549491985,130.0,,,False,0.04764290273871119,-0.1544370487374096,False,1.436657628713177,478.2011897098019,,,,False,1.0,,,,,,,,,,,,,
sub-003,ses-03,activemotor,sub-003_ses-03_activemotor,2,14,18,declared_unverified,0.06127839074035468,-0.03356541449131645,False,0.4083354868492597,144.22778682328465,,,,False,0.16079050631040137,0.19954209786020016,False,2.1400769046019077,382.9394378760745,70.0,70.0,,True,0.10915458387058108,0.20678373301226316,False,0.9172480148187732,164.5816126018947,,,,False,0.018181898043993172,0.09364182089994932,False,0.314402774857115,105.26371168347269,,,,False,2.0,,,,,,,,,,,,,
sub-003,ses-03,full,sub-003_ses-03_full,6,14,18,declared_unverified,0.05066791546021365,-0.045776840303625166,False,0.33763138485062255,209.08088804598452,,,,False,0.23755704360599217,0.27011279619487705,False,3.1618181583759655,555.5726240061492,40.0,40.0,80.0,True,0.142129664809572,0.1866020255922527,False,1.1943442801083675,232.90698429141395,150.0,,,False,0.06459712875807111,0.043491079327012905,False,1.117018502699703,383.7417265993392,20.0,20.0,20.0,True,7.0,,,,,,,,,,,,,
sub-003,ses-03,mentalarithmetic,sub-003_ses-03_mentalarithmetic,3,14,18,declared_unverified,-0.16451581138402727,-0.13428599375291306,False,-1.0962697147276441,201.43220275002153,,,,False,-0.0043280844414377295,-0.07577708386125104,False,-0.057605599775940715,232.7463406191812,130.0,,,False,-0.052047379757206746,-0.05085813233042202,False,-0.4373646443966105,145.50865747076375,,,,False,0.007530433410867343,0.035096685622267754,False,0.13021683184697055,229.4378285761113,110.0,,,False,1.0,,,,,,,,,,,,,
sub-003,ses-03,motorimagery,sub-003_ses-03_motorimagery,1,14,18,declared_unverified,-0.09478789709891733,0.1161365031050211,False,-0.6316298721567878,162.5755895532609,,,,False,0.08050636889228269,0.1272909885530915,False,1.0715173718474091,214.83592016287298,150.0,,,False,0.12070719739211033,0.09130001365813156,False,1.0143269595853532,159.0190522514072,,,,False,0.0660710950832557,0.004839873397460948,False,1.142506441393599,224.7841144986755,,,,False,2.0,,,,,,,,,,,,,
sub-003,ses-03,nback,sub-003_ses-03_nback,4,14,17,event_matched,-0.0723343187770813,-0.0723343187770813,False,-0.4820079136689496,147.96238597752225,,,,False,-0.04157618798518836,-0.04157618798518836,False,-0.5533674949485071,164.6270020051608,,,,False,-0.0877287535102581,-0.08455109646409664,False,-0.7372024348076639,135.27132874739297,,,,False,0.016034010670477827,0.06414627735418221,False,0.27726134173061656,160.63718357972937,,,,False,7.0,-3.9457301065629693,-6.473170151991923,False,-0.5843402147972401,127.9642844809666,,,,False,0.07407407407407407,1.0769753991889957,9.0,18.0
sub-003,ses-03,nbackarithmetic,sub-003_ses-03_nbackarithmetic,5,14,18,declared_unverified,0.055349265632577804,-0.005415780253438918,False,0.3688260911516365,185.5887170186964,,,,False,0.09420147722790184,0.10002893328516005,False,1.2537954536049258,288.5687492610617,160.0,,,False,0.0005806604614490007,0.08874211010499455,False,0.004879407136756953,134.23375761234698,,,,False,0.10219367927539635,0.13683537017326597,False,1.7671409365128183,446.0915608977222,100.0,100.0,140.0,True,7.0,,,,,,,,,,,,,
sub-003,ses-03,passivemotor,sub-003_ses-03_passivemotor,0,14,18,declared_unverified,0.0743992456419913,0.0328802004260762,False,0.49576778736184374,179.55459715566704,120.0,,,False,0.16178003847057942,-0.07126041470485167,False,2.1532473023508247,396.88693664252594,10.0,10.0,10.0,True,0.1889663665466057,-0.10166452325812947,False,1.58792254467204,287.8640291528832,10.0,,,False,0.08911725788279812,0.06475302306630937,False,1.5410224553132101,311.3647112470418,90.0,90.0,,True,1.0,,,,,,,,,,,,,
sub-004,ses-01,activemotor,sub-004_ses-01_activemotor,2,14,18,declared_unverified,-0.11696945434623252,0.3138602473753648,False,-0.40625650475850605,122.73206128464693,,,,False,-0.04196410548004326,0.21423211692773725,False,-0.298027820781966,135.95026444149357,,,,False,-0.007604937039215387,0.3160740978750719,False,-0.03847583457920077,107.64761153824837,,,,False,0.0038798852479061674,0.02217309753168517,False,0.044030918434569494,189.6986960797338,150.0,150.0,150.0,True,3.0,,,,,,,,,,,,,
sub-004,ses-01,full,sub-004_ses-01_full,6,14,18,declared_unverified,-0.27858416787507334,-0.24566331915048933,False,-0.9675742351244836,179.56088024227478,,,,False,0.013464043986791463,-0.04717506300215191,False,0.0956212373025391,132.33355743467473,,,,False,0.19362740698571945,0.032670984870427744,False,0.9796236369565985,178.59061485313194,,,,False,0.07006771956820312,0.08656881509133119,False,0.7951642505068361,164.04897631542815,,,,False,9.0,,,,,,,,,,,,,
sub-004,ses-01,mentalarithmetic,sub-004_ses-01_mentalarithmetic,3,14,18,declared_unverified,-0.20134434488016595,-0.22151716462944204,False,-0.6993060732059575,152.56871174116475,,,,False,-0.23901914162221577,-0.15968622663363824,False,-1.6975067879552888,279.0866892233331,70.0,,,False,-0.27536364944980274,-0.18147892774319452,False,-1.3931537066937674,243.22643986658363,,,,False,-0.10973558607586176,-0.06480958779754054,False,-1.245335449671733,225.38430816404292,150.0,,,False,5.0,,,,,,,,,,,,,
sub-004,ses-01,motorimagery,sub-004_ses-01_motorimagery,1,14,18,declared_unverified,-0.17728209707150144,-0.31861340139512784,False,-0.6157334452406644,122.48336894496184,,,,False,-0.0912805829943063,-0.13018388417659377,False,-0.64827196763286,99.78253980841288,,,,False,-0.16034786784843058,-0.18554022083399835,False,-0.8112516917168693,124.51079957030699,,,,False,-0.055275373860626864,-0.1063346843611711,False,-0.6272931600776196,203.53275578297252,,,,False,4.0,,,,,,,,,,,,,
sub-004,ses-01,nback,sub-004_ses-01_nback,4,14,18,event_matched,-0.2191471721138698,0.2728339139160012,False,-0.7611385781723885,162.08166786908305,,,,False,-0.09300306127916502,-0.06727118381109798,False,-0.660504956843719,129.29138513966717,,,,False,-0.07336972787081197,-0.16258790521447142,False,-0.3712011681518917,104.16223297804444,,,,False,-0.025265720311721473,0.05530805601855071,False,-0.2867282919865774,76.83744922157695,,,,False,7.0,7.333404966286622,7.333404966286622,False,1.22773041421916,227.1398729281178,20.0,20.0,,True,0.05820105820105819,1.0086922577435782,16.0,18.0
sub-004,ses-01,nbackarithmetic,sub-004_ses-01_nbackarithmetic,5,14,18,event_matched,-0.17186963457582616,-0.2684864174839605,False,-0.5969349639797282,107.73696334143786,,,,False,-0.007517209041059569,-0.14569566094795106,False,-0.05338699355655098,95.81588724359253,,,,False,-0.05579857186937487,-0.21101804133559665,False,-0.28230301052212387,95.76107040399981,,,,False,-0.015484023911571443,-0.24222924474685747,False,-0.1757206077827309,90.04387325004443,,,,False,9.0,2.711753310380601,1.1164039561440973,False,0.45399129467407484,110.33462301563637,,,,False,0.1111111111111111,0.8609696875774567,12.0,18.0
sub-004,ses-01,passivemotor,sub-004_ses-01_passivemotor,0,14,18,declared_unverified,-0.12122355844561872,-0.14396793347578818,False,-0.4210317935033764,148.78239834456494,,,,False,-0.07545600286531784,0.026175650893445757,False,-0.5358862733190639,135.39425058092002,,,,False,-0.09574466422132988,0.12477223337859655,False,-0.4844032032645306,151.2595917305979,140.0,,,False,0.006321623309150981,-0.008419724090837244,False,0.07174100843562674,73.83049754357563,,,,False,1.0,,,,,,,,,,,,,
sub-004,ses-02,activemotor,sub-004_ses-02_activemotor,2,12,18,declared_unverified,-0.25422642316994293,-0.19237785855901746,False,-1.38694917379331,237.38779776471787,120.0,,,False,0.0618525412152946,0.12045859649192081,False,0.6293877657100357,164.21728120515002,,,,False,0.0793694563457602,0.10545219038568587,False,1.0097678680309734,240.76619767115815,90.0,,,False,0.007727196572013262,0.03920712563405737,False,0.11347703648752505,112.5869615299878,,,,False,3.0,,,,,,,,,,,,,
sub-004,ses-02,full,sub-004_ses-02_full,6,12,18,declared_unverified,-0.1648431745232659,-0.1955278422372786,False,-0.8993129111433014,250.36643071449166,,,,False,-0.06306298507941699,-0.10636949361558701,False,-0.6417047787896707,264.7190382121945,,,,False,0.07327859198559594,-0.038519925114654296,False,0.9322776167101647,335.8909395997573,,,,False,-0.1202323599685009,-0.2716277327026114,False,-1.7656612941026795,468.94366056937054,10.0,10.0,10.0,True,9.0,,,,,,,,,,,,,
sub-004,ses-02,mentalarithmetic,sub-004_ses-02_mentalarithmetic,3,12,18,declared_unverified,-0.26038119110930813,-0.12422976512569361,False,-1.4205269199691508,266.9818713653186,50.0,,,False,-0.08998214044127739,-0.168506246603081,False,-0.9156237918990808,222.50100049284913,20.0,20.0,,True,-0.1795990890750323,-0.21142435241265145,False,-2.2849266912647552,408.82022757229504,20.0,20.0,20.0,True,0.039519920922665874,-0.3258727077404011,False,0.5803661737774323,269.2505984714521,10.0,,,False,7.0,,,,,,,,,,,,,
sub-004,ses-02,motorimagery,sub-004_ses-02_motorimagery,1,12,18,declared_unverified,-0.048856329001569776,-0.0981757088058186,False,-0.26653895491423707,121.65296117174611,,,,False,-0.042669406201943816,-0.21621971328012535,False,-0.434187532249276,151.31195457957313,,,,False,0.018581916410239874,-0.21348524587752504,False,0.23640608089537368,184.23039443157938,,,,False,-0.07714838899745535,-0.11646246647716652,False,-1.1329555902493391,280.80833108895433,160.0,,,False,1.0,,,,,,,,,,,,,
sub-004,ses-02,nback,sub-004_ses-02_nback,4,12,18,declared_unverified,-0.0039643076012054745,0.290187611266137,False,-0.02162754399639657,115.90541114631549,,,,False,-0.08208606844830768,-0.054889185463700696,False,-0.8352763880269845,169.26716445940232,50.0,,,False,-0.08961419087959799,-0.07570483217811397,False,-1.1401052071669646,251.66239168439876,70.0,70.0,,True,-0.03271965785647224,0.010160555014679495,False,-0.4805015342674056,150.2123572594151,,,,False,7.0,,,,,,,,,,,,,
sub-004,ses-02,passivemotor,sub-004_ses-02_passivemotor,0,12,18,declared_unverified,-0.0746275377305965,-0.20268431356378613,False,-0.4071354995561977,180.34908702014525,40.0,40.0,,True,-0.034849028920075464,-0.08818036352508996,False,-0.35461036876116403,308.62440487721426,40.0,40.0,40.0,True,-0.04937251871128223,-0.04329018375175109,False,-0.6281356236236078,367.68037153717154,40.0,40.0,40.0,True,-0.027577755095483658,-0.023927887649934587,False,-0.404990592907727,435.4151077420803,40.0,40.0,40.0,True,1.0,,,,,,,,,,,,,
sub-004,ses-03,activemotor,sub-004_ses-03_activemotor,2,12,18,declared_unverified,-0.1520043312204149,-0.08566747165986066,False,-0.7922270457244589,164.46511033297327,,,,False,0.0676958900081408,0.11032590653323981,False,0.5703712890936069,137.53615502609148,,,,False,0.1414127704240259,0.17028830112835525,False,0.981704887361035,195.394054671792,,,,False,0.012277567891270658,0.015004632486160574,False,0.1219713955135468,76.99594845922734,,,,False,3.0,,,,,,,,,,,,,
sub-004,ses-03,full,sub-004_ses-03_full,6,12,18,declared_unverified,-0.26686234295542643,-0.11939693764840031,False,-1.3908522466252637,203.9071684296669,,,,False,-0.10134454038910867,-0.14603295867732224,False,-0.8538777780657554,177.21804003149586,,,,False,0.06189508493518425,-0.10839353148757702,False,0.4296833107950569,145.7844740963103,,,,False,-0.07329639741125116,-0.1133320064744483,False,-0.728162446955163,218.58441489183213,70.0,,,False,9.0,,,,,,,,,,,,,
sub-004,ses-03,mentalarithmetic,sub-004_ses-03_mentalarithmetic,3,12,18,declared_unverified,-0.2238273123668113,-0.14882262266823454,False,-1.1665591960776263,202.94729339340236,,,,False,-0.21073869077865215,-0.11284068992207275,False,-1.7755774938015336,326.43985217118086,10.0,,,False,-0.16385295783536336,-0.16737100638599667,False,-1.137487435068372,205.14337650909727,,,,False,-0.1804655471206239,-0.24559262315215702,False,-1.7928334682692642,324.58158735633856,70.0,70.0,,True,7.0,,,,,,,,,,,,,
sub-004,ses-03,motorimagery,sub-004_ses-03_motorimagery,1,12,18,declared_unverified,-0.03628219692757462,-0.24487923112693966,False,-0.18909814906948486,133.53831220894074,,,,False,-0.15375820530186046,-0.06812523229441048,False,-1.2954887771797567,226.04119516980265,140.0,,,False,-0.08364495753582113,-0.08125097344219179,False,-0.5806736079761484,134.15335681018445,,,,False,-0.02721481501890588,-0.04954836733566159,False,-0.27036535215244706,85.79499124285518,,,,False,3.0,,,,,,,,,,,,,
sub-004,ses-03,nback,sub-004_ses-03_nback,4,12,18,event_matched,0.030502323012802535,0.0876510007627167,False,0.1589741887889059,100.91093935451114,,,,False,-0.1758059337185317,-0.10615374900983987,False,-1.4812517722019112,290.7454827571229,70.0,100.0,,True,-0.009341989106761872,0.02139257263229344,False,-0.06485324017259743,101.54962502909996,,,,False,-0.2193905049551469,-0.23920636470089263,False,-2.1795331362677084,422.99225638737744,20.0,30.0,,True,7.0,-0.35599300126631306,-3.2220352676195034,False,-0.13273397751661298,122.4462910202092,,,,False,0.04761904761904761,1.0335878715312674,15.0,18.0
sub-004,ses-03,nbackarithmetic,sub-004_ses-03_nbackarithmetic,5,12,18,event_matched,-0.28915465488880665,-0.4459284684251572,False,-1.5070369124407457,240.2680365684791,140.0,,,False,-0.2144202274054403,-0.17235090154974897,False,-1.8065962571476395,413.1945078530063,20.0,,,False,-0.06984117884095031,-0.11165573558491959,False,-0.48484607437948973,178.23789379325774,,,,False,-0.26797944398713613,-0.2828757447354354,False,-2.6622395446328415,519.5118044804511,10.0,20.0,80.0,True,9.0,-0.8725267037158915,-2.9539749726977647,False,-0.32532645153613554,232.66535275781806,,,,False,0.16666666666666666,0.7518017193631295,8.0,18.0
sub-004,ses-03,passivemotor,sub-004_ses-03_passivemotor,0,12,18,declared_unverified,-0.21277543630113138,-0.3964612940949732,False,-1.1089582379014389,248.01422057246975,20.0,20.0,,True,-0.16881109368229041,-0.20768115577353963,False,-1.4223167921315596,245.1523318216708,20.0,,,False,-0.07577285043475235,-0.1729319948487016,False,-0.5260244699119118,206.68241019566204,30.0,,,False,-0.05879601875361995,0.013804217180591216,False,-0.5841085564770977,171.74391278977455,,,,False,2.0,,,,,,,,,,,,,
sub-005,ses-01,activemotor,sub-005_ses-01_activemotor,2,14,18,declared_unverified,-0.25257858500537744,-0.07462792302614174,False,-1.5527240710123522,271.8596927977442,30.0,30.0,,True,-0.17063344001870429,-0.1285133963242524,False,-1.1243752348397287,184.0547022001294,,,,False,-0.2235358290146271,-0.06101176653039786,False,-1.575891112652287,284.31156747204807,100.0,,,False,-0.13229002609940044,-0.24157661096300598,False,-1.697964553271588,319.8289361787045,60.0,,,False,1.0,,,,,,,,,,,,,
sub-005,ses-01,full,sub-005_ses-01_full,6,14,18,declared_unverified,0.08683896595223661,-0.11275379384008977,False,0.5338415872944614,147.22868215112436,,,,False,-0.1532118236295863,-0.2172291243414275,False,-1.0095769044734477,171.61817995337827,,,,False,-0.09544047265433508,-0.22627877647976924,False,-0.6728397559634998,158.28664510773032,,,,False,-0.09259196324607943,-0.08622928234724303,False,-1.188433294219307,237.6763485598688,120.0,120.0,120.0,True,8.0,,,,,,,,,,,,,
sub-005,ses-01,mentalarithmetic,sub-005_ses-01_mentalarithmetic,3,14,18,declared_unverified,-0.03210389228005539,-0.09641078964667571,False,-0.19735832440176268,251.14855430896822,,,,False,-0.13999279152615274,-0.1146329928424189,False,-0.9224711629258198,165.0709271248183,,,,False,-0.14943045411470102,-0.1442199128455821,False,-1.0534603138879528,214.07794834815394,110.0,,,False,-0.2019253663014674,-0.2533666022546447,False,-2.5917457611555097,478.5085382469357,30.0,40.0,40.0,True,2.0,,,,,,,,,,,,,
sub-005,ses-01,motorimagery,sub-005_ses-01_motorimagery,1,14,18,declared_unverified,0.00486730513289757,0.023324370342955536,False,0.029921704726673326,68.14685958919002,,,,False,-0.12443895013686435,-0.130072622035744,False,-0.8199803846655678,148.04618237767636,,,,False,-0.12385576206387405,-0.26271209934693684,False,-0.8731629088170185,185.0540888465032,,,,False,-0.10685130490077976,-0.0748090767951104,False,-1.3714543230645049,308.48154483677456,,,,False,1.0,,,,,,,,,,,,,
sub-005,ses-01,nback,sub-005_ses-01_nback,4,14,18,declared_unverified,0.055649847454222634,0.0018465388771267133,False,0.3421068246482469,166.51435294837967,,,,False,-0.16520905531264574,-0.08039736197756508,False,-1.0886316910943352,203.3241968517326,,,,False,-0.23201010619772677,-0.17765270793929577,False,-1.635633383758746,310.4763613271896,60.0,,,False,-0.1768485766344461,-0.16817599400033,False,-2.2698809825330017,428.2912663153732,20.0,20.0,80.0,True,6.0,,,,,,,,,,,,,
sub-005,ses-01,nbackarithmetic,sub-005_ses-01_nbackarithmetic,5,14,18,declared_unverified,-0.046620032461330174,-0.091301912972235,False,-0.2865961363768962,162.2747147205535,,,,False,-0.23534632701546387,-0.2368897148826523,False,-1.5507955631538188,258.5547798856372,10.0,,,False,-0.2326194419066991,-0.24060291184030885,False,-1.6399291010610861,336.6285619571897,50.0,,,False,-0.2762484774616276,-0.1854220934517936,False,-3.5456952912885895,630.86275178156,10.0,10.0,10.0,True,8.0,,,,,,,,,,,,,
sub-005,ses-01,passivemotor,sub-005_ses-01_passivemotor,0,14,18,declared_unverified,0.07233333333488368,0.042724370692062585,False,0.4446683704528748,116.46015686232079,,,,False,-0.14354895465711637,-0.11120915658990083,False,-0.9459042118936378,175.671700870841,,,,False,-0.194995271642305,-0.19922555538296782,False,-1.3746848411053576,248.29125055685168,50.0,,,False,-0.22029960120459635,-0.249927056946041,False,-2.8275821312803173,470.5637423679707,30.0,40.0,40.0,True,1.0,,,,,,,,,,,,,
sub-005,ses-02,activemotor,sub-005_ses-02_activemotor,2,11,18,declared_unverified,-0.3737746590315214,-0.21769955453625056,False,-2.174985294649596,361.1019020759285,10.0,10.0,,True,-0.0657151185965853,0.07690602651714862,False,-0.33688354483988964,95.58818579096958,,,,False,-0.2620065150701598,0.03758574989814617,False,-0.812291612362148,136.94461837890563,,,,False,-0.055821609421442986,-0.07138516908992398,False,-0.7714496854087279,147.3469503736742,,,,False,1.0,,,,,,,,,,,,,
sub-005,ses-02,full,sub-005_ses-02_full,6,11,18,declared_unverified,-0.21936459298711664,-0.16278809624290402,False,-1.2764770226799573,205.83996179427376,,,,False,-0.12459590914896645,-0.19739580034627824,False,-0.6387314280649217,106.7822628345225,,,,False,-0.1477034176134815,-0.25648268521147055,False,-0.4579208544204595,77.47245559485765,,,,False,-0.12191719056991757,-0.17630012021726493,False,-1.6848847477863997,303.76699746500276,50.0,70.0,,True,8.0,,,,,,,,,,,,,
sub-005,ses-02,motorimagery,sub-005_ses-02_motorimagery,1,11,18,declared_unverified,-0.06857727805577984,-0.15553332830466715,False,-0.3990494478809463,100.26964602532182,,,,False,-0.04404564239298303,-0.18423698783494435,False,-0.22579662733606112,104.19789864473103,,,,False,-0.1632037347037983,-0.319777783350456,False,-0.505976062353157,128.9662707953715,,,,False,-0.09171738952235498,-0.12997393110825373,False,-1.2675261789630694,431.60115506913775,110.0,110.0,110.0,True,1.0,,,,,,,,,,,,,
sub-005,ses-02,nback,sub-005_ses-02_nback,4,11,18,declared_unverified,-0.061669038761785755,-0.12186131076286033,False,-0.3588505780183153,171.1591015482653,,,,False,-0.12117690692188177,0.06357737864886193,False,-0.6212041738398093,134.9568426235158,,,,False,-0.3938142735143675,-0.04803903543332891,False,-1.2209315906459546,207.53117415348459,,,,False,-0.10324012785058001,-0.07744048981355411,False,-1.4267693994736856,261.57696126680776,140.0,,,False,5.0,,,,,,,,,,,,,
sub-005,ses-02,nbackarithmetic,sub-005_ses-02_nbackarithmetic,5,11,18,event_matched,-0.28579924840416493,-0.41544761960872734,False,-1.6630586035757537,256.7058496007145,60.0,,,False,-0.13167051578097722,-0.23160894712397473,False,-0.6749988595394107,122.4284392389784,,,,False,-0.27704763720877973,-0.31853804055229556,False,-0.8589231907808903,150.33102091011875,,,,False,-0.20825686966343493,-0.35584700606845265,False,-2.878091446147887,502.5757485993122,20.0,20.0,70.0,True,9.0,-2.133426284686294,-2.77050791528751,False,-0.6259389719300263,322.28714211636714,40.0,40.0,,True,0.09722222222222222,0.9550906733066685,12.0,18.0
sub-005,ses-02,passivemotor,sub-005_ses-02_passivemotor,0,11,18,declared_unverified,-0.16508065349122658,0.04770474992580054,False,-0.9606001506492817,232.8198677094555,20.0,90.0,,True,-0.034393706309358674,-0.0821792188335938,False,-0.1763167129440574,42.70605355398682,,,,False,-0.17056652649385107,-0.09430958808255774,False,-0.5288027237933399,104.00814283131508,,,,False,-0.06965241293274482,-0.018538288688878524,False,-0.9625901618000294,223.97711556314349,80.0,80.0,,True,1.0,,,,,,,,,,,,,
sub-005,ses-03,activemotor,sub-005_ses-03_activemotor,2,12,18,declared_unverified,-0.24201435481802047,-0.262099631515875,False,-1.013515430314749,186.4288768504577,,,,False,-0.02311537461084423,-0.07390530055026256,False,-0.14805793258931385,125.00890589239312,,,,False,-0.14268476426724952,-0.14926821214693242,False,-0.6516728824841411,161.7792783696844,,,,False,-0.19639716916744732,-0.20229915086253736,False,-1.2609400392081562,251.79048843935166,,,,False,1.0,,,,,,,,,,,,,
sub-005,ses-03,full,sub-005_ses-03_full,6,12,18,declared_unverified,-0.24985296249036493,-0.4602015668303363,False,-1.046342201413011,165.28199706229117,,,,False,-0.23681215629546704,-0.1931388349499411,False,-1.5168224120700837,259.6819447010656,20.0,20.0,,True,-0.43609865659997693,-0.2085304399912029,False,-1.9917590364565623,355.30871947484,20.0,20.0,,True,-0.27229590173638196,-0.24521886107600177,False,-1.7482370365478943,304.81604986487156,40.0,,,False,7.0,,,,,,,,,,,,,
sub-005,ses-03,mentalarithmetic,sub-005_ses-03_mentalarithmetic,3,12,17,declared_unverified,-0.12748442565180773,0.09244584916087328,False,-0.5338833418376211,128.66775070502857,,,,False,-0.15382498969023373,-0.00045211680427548195,False,-0.9852753994920753,190.33224104784225,,,,False,-0.33009937180924787,-0.13169603037095756,False,-1.5076368541368692,235.4808521392404,40.0,,,False,-0.09159764895082034,-0.05034585833753491,False,-0.5880896529671885,165.4074933524841,,,,False,2.0,,,,,,,,,,,,,
sub-005,ses-03,motorimagery,sub-005_ses-03_motorimagery,1,12,18,declared_unverified,-0.20219595269815582,-0.37119374991789744,False,-0.8467626565410364,182.98045980301112,,,,False,-0.17549353574918813,-0.4799936871755872,False,-1.1240661474559888,187.8477250634339,,,,False,-0.299518689194578,-0.6146237833859471,False,-1.3679681117159326,234.41815012758556,,,,False,-0.12850452481689245,-0.46502121407290387,False,-0.8250449904544512,146.33295539666548,,,,False,1.0,,,,,,,,,,,,,
sub-005,ses-03,nback,sub-005_ses-03_nback,4,12,18,event_matched,-0.11701366668057323,-0.09050379621109284,False,-0.49003356361916617,127.92941869860303,,,,False,-0.13172947993501716,-0.15528167928691217,False,-0.8437498759416309,169.38774721919575,20.0,,,False,-0.2688704800638869,-0.2705293694019325,False,-1.2279909607584172,216.29593460934422,,,,False,-0.2802798572012153,-0.15499282606435716,False,-1.7994968849435695,303.6420996483954,20.0,,,False,6.0,0.9106433451783857,4.001303519913115,False,0.1851084135139618,161.9186349604879,,,,False,0.017195767195767195,0.9047417559694289,16.0,18.0
sub-005,ses-03,nbackarithmetic,sub-005_ses-03_nbackarithmetic,5,12,18,declared_unverified,-0.2953993190168367,-0.1677477817288333,False,-1.237082685252934,178.71623415379423,,,,False,-0.21401068756485658,-0.28026665508741894,False,-1.370775100395961,239.73616151665692,90.0,,,False,-0.3441424362046317,-0.5153779806414494,False,-1.5717746357735225,282.503663331499,60.0,,,False,-0.2961568273266464,-0.5319803604059581,False,-1.9014327092598506,325.500514380484,20.0,,,False,7.0,,,,,,,,,,,,,
sub-006,ses-01,activemotor,sub-006_ses-01_activemotor,2,14,18,declared_unverified,-0.11498346868398923,-0.0370476903207102,False,-0.8590514495424656,214.06642495614386,,,,False,-0.06119096110093758,0.03121257228807317,False,-0.7834853458214623,196.13874104655338,,,,False,-0.04198517387315159,0.043236957860549596,False,-0.37297892386836584,141.5479054217234,,,,False,-0.20944055807904594,-0.1584273804669647,False,-0.8081378105882875,136.76163744015304,,,,False,3.0,,,,,,,,,,,,,
sub-006,ses-01,full,sub-006_ses-01_full,6,14,18,declared_unverified,-0.02285118041885492,-0.18502764563462115,False,-0.17072314731193397,101.40460570784819,,,,False,-0.041617001103677054,-0.060672582837916766,False,-0.5328615520187829,269.7572543197246,10.0,40.0,,True,0.023525418480986438,-0.03239634092865784,False,0.20899009005182065,238.8037173816263,150.0,,,False,-0.4037443757732905,-0.4912114538072506,False,-1.557869683252174,298.9757385296389,20.0,60.0,,True,7.0,,,,,,,,,,,,,
sub-006,ses-01,mentalarithmetic,sub-006_ses-01_mentalarithmetic,3,14,18,declared_unverified,-0.05118101439122702,-0.05762305991024874,False,-0.3823777896514229,206.7348577371986,,,,False,-0.13253628393223083,0.020064801043547797,False,-1.6969865219022395,322.46626452400267,10.0,20.0,,True,-0.08569835994572539,0.07722289617632638,False,-0.7613087935853589,158.7042394994975,,,,False,-0.40161434445471267,-0.15274608810293344,False,-1.5496508412949717,264.6038756643037,70.0,,,False,3.0,,,,,,,,,,,,,
sub-006,ses-01,motorimagery,sub-006_ses-01_motorimagery,1,14,18,declared_unverified,-0.23054375659409243,-0.1352598188074663,False,-1.7224123654629135,322.677573224233,130.0,130.0,,True,-0.10192807872778042,-0.18129612150258845,False,-1.3050809232955256,236.81826560805277,,,,False,-0.13519882713269693,-0.23484907711898817,False,-1.2010504756886307,233.06785820144705,,,,False,-0.4680924503692341,-0.24579730253522336,False,-1.8061602368894083,287.7073955254499,10.0,,,False,2.0,,,,,,,,,,,,,
sub-006,ses-01,nback,sub-006_ses-01_nback,4,14,18,event_matched,0.051044628628135635,0.07178215870089488,False,0.3813588398074005,116.75159090095092,,,,False,-0.022636040553741354,-0.1231449386221839,False,-0.2898304870881483,366.89797639017485,20.0,20.0,20.0,True,0.02024964629029835,-0.09538097561633263,False,0.1798894844377501,284.3773958526605,20.0,,,False,-0.0950079725103734,-0.18234489353828431,False,-0.36659344110412295,102.63635804622706,,,,False,6.0,7.237253007713846,1.7375448073196935,False,1.4814191388418505,317.65105060403533,20.0,30.0,30.0,True,0.04894179894179894,1.1364259739360187,15.0,18.0
sub-006,ses-01,nbackarithmetic,sub-006_ses-01_nbackarithmetic,5,14,18,event_matched,0.0011252574793692016,0.2077129033216365,False,0.008406896050572182,127.87172032248793,,,,False,0.11703981363923033,0.12074550058084177,False,1.498570658381223,363.65601882101174,20.0,20.0,120.0,True,0.11404696909211698,0.10806060121011296,False,1.0131461151248915,302.9939074003451,100.0,110.0,120.0,True,-0.4666837537254199,-0.4126171557270365,False,-1.8007247040969232,301.5706552704473,50.0,,,False,7.0,,,False,,,,,,False,0.1111111111111111,0.9961895151960162,11.0,18.0
sub-006,ses-01,passivemotor,sub-006_ses-01_passivemotor,0,14,18,declared_unverified,0.0017931077711004217,-0.0884870345431037,False,0.013396463401040722,150.43565829928502,,,,False,0.03786005675416759,0.06115963488363385,False,0.48475786497173856,206.297984470495,,,,False,0.05489548104334563,0.10082209580101276,False,0.4876687543713255,116.21958881489795,,,,False,-0.07584563105806197,-0.289943120376986,False,-0.2926545020130063,126.24730792030692,,,,False,2.0,,,,,,,,,,,,,
sub-006,ses-02,activemotor,sub-006_ses-02_activemotor,2,12,18,declared_unverified,-0.16805743280680807,-0.122648203693009,False,-6.511744549534978,1309.9540800667528,40.0,40.0,40.0,True,0.08673307028553179,0.08862007250050552,False,2.31914648748539,590.6840556682722,10.0,10.0,110.0,True,0.04163573121874009,0.0014217671222946926,False,0.3651688404460721,194.59379520624597,,,,False,-0.3592502737877199,-0.4142568794676049,False,-2.7004003202930473,465.9051174309142,80.0,80.0,110.0,True,2.0,,,,,,,,,,,,,
sub-006,ses-02,full,sub-006_ses-02_full,6,12,17,declared_unverified,-0.0640370152194818,-0.0911018272569959,False,-2.481251069111038,578.8366374759355,20.0,,,False,0.030261922080720094,0.0363153810409762,False,0.8091703668164251,556.739941570033,60.0,100.0,120.0,True,0.1279065022983208,0.09210194680193173,False,1.121812149386914,257.9773341242106,160.0,160.0,160.0,True,-0.46773893677586287,-0.5532112311350248,False,-3.5158842368187635,538.876799012436,40.0,60.0,60.0,True,7.0,,,,,,,,,,,,,
sub-006,ses-02,mentalarithmetic,sub-006_ses-02_mentalarithmetic,3,12,18,declared_unverified,-0.004336484641064731,-0.004360420837159484,False,-0.1680263690452624,451.54294296067803,40.0,40.0,,True,0.06267421142799778,0.025860339704796398,False,1.6758391788812768,578.4045924144442,40.0,70.0,70.0,True,0.036734714159589066,0.04919010957410108,False,0.32218415723985905,191.9409012559444,,,,False,-0.2522846453515388,-0.22424361722101538,False,-1.8963646984299132,308.9479847754057,120.0,130.0,130.0,True,3.0,,,,,,,,,,,,,
sub-006,ses-02,motorimagery,sub-006_ses-02_motorimagery,1,12,18,declared_unverified,-0.13324695936677466,-0.14592143283226844,False,-5.162938329518228,1069.9661746213278,30.0,40.0,40.0,True,-0.0642304364644497,-0.04336050824314186,False,-1.7174509172313974,489.89874533371506,20.0,20.0,100.0,True,-0.08082684404068141,-0.033908313093647724,False,-0.7088969990748318,147.3404960630984,,,,False,-0.4476190216058247,-0.3920060794261919,False,-3.3646475382448204,568.8050497969529,20.0,20.0,20.0,True,2.0,,,,,,,,,,,,,
sub-006,ses-02,nback,sub-006_ses-02_nback,4,12,18,declared_unverified,-0.12072980713208481,0.013107381213627534,False,-4.677934503869885,990.605741739841,10.0,10.0,10.0,True,-0.05957346296618682,-0.07332912376860001,False,-1.5929285903351649,521.2542802829314,10.0,10.0,10.0,True,-0.03314727922354532,0.027993594080425788,False,-0.2907203299591889,205.38114376562095,100.0,,,False,-0.6877592730505773,-0.4192903353695179,False,-5.16972566686956,896.4010117567984,10.0,10.0,10.0,True,5.0,,,,,,,,,,,,,
sub-006,ses-02,passivemotor,sub-006_ses-02_passivemotor,0,12,17,declared_unverified,-0.045827451600405356,-0.03426812176304406,False,-1.775682593706314,892.7811780864997,60.0,60.0,60.0,True,0.1114486946543558,0.002312564139076212,False,2.9800149803482325,450.7909099110707,80.0,80.0,80.0,True,0.06987173929246926,-0.010194404776816324,False,0.6128145530418125,120.90772432627534,,,,False,-0.25393803531822523,-0.23215041742546005,False,-1.9087928442696782,293.3531762774163,60.0,90.0,,True,2.0,,,,,,,,,,,,,
sub-006,ses-03,activemotor,sub-006_ses-03_activemotor,2,11,18,declared_unverified,0.16216098292758296,0.12094030660657973,False,0.5567875787358871,112.14815258114884,,,,False,0.028797233896799224,-0.07356893440536272,False,0.3259365115815102,159.2679720505611,,,,False,0.02141110304736482,-0.0003964850834707878,False,0.17151573056353844,111.25880925911721,,,,False,-0.3063732648895414,-0.3947274897222275,False,-2.503612973006382,414.75013597906354,40.0,40.0,50.0,True,2.0,,,,,,,,,,,,,
sub-006,ses-03,full,sub-006_ses-03_full,6,11,17,declared_unverified,0.09024777761929181,0.28698852450354706,False,0.30987010981168106,74.37020939788516,,,,False,0.09078411878662318,0.06892011002052745,False,1.0275243480104603,273.01987683707057,120.0,,,False,0.1854042549312257,0.2203679668205485,False,1.4851988785337888,283.3823336901889,120.0,120.0,,True,-0.33881673744940377,-0.4003647305609981,False,-2.7687336871768333,394.2652833641196,50.0,50.0,130.0,True,7.0,,,,,,,,,,,,,
sub-006,ses-03,mentalarithmetic,sub-006_ses-03_mentalarithmetic,3,11,18,declared_unverified,-0.05295876668965116,0.10245546340173917,False,-0.18183648708603117,84.45028270813587,,,,False,0.09204555812623161,0.14076797135073615,False,1.0418017310187417,292.24624003118754,,,,False,0.024019964132489302,0.09237808993201346,False,0.19241426689602142,210.51668824538172,,,,False,-0.21045596429299085,0.11741760552209746,False,-1.7197985034381722,309.09464291611494,70.0,70.0,,True,3.0,,,,,,,,,,,,,
sub-006,ses-03,nback,sub-006_ses-03_nback,4,11,18,event_matched,0.1595493067501188,0.12085633856292954,False,0.5478202622517369,88.8780740106921,,,,False,0.33439943125323857,0.29358264013515556,False,3.7848421306060165,619.1569147484169,80.0,80.0,90.0,True,0.4508670703300298,0.39741887856602354,False,3.6117146689560506,614.3255743163788,50.0,80.0,90.0,True,-0.24189149968245127,-0.25954822421038504,False,-1.9766825831989479,339.26714068354966,20.0,30.0,,True,3.0,-2.19493943057374,-1.1938674543897605,False,-1.478881038280821,434.4653263267057,80.0,80.0,80.0,True,0.05026455026455026,1.1591740271238786,14.0,18.0
sub-006,ses-03,nbackarithmetic,sub-006_ses-03_nbackarithmetic,5,11,18,event_matched,0.10092391562688308,0.16090925521800203,False,0.34652714607392127,88.81345328447593,,,,False,0.08437600053406036,0.214149740653109,False,0.954995169807888,246.38499789159627,160.0,160.0,,True,0.1545234035948827,0.29958563553042483,False,1.2378248051074894,250.39475774511658,160.0,160.0,160.0,True,-0.26313764644819726,-0.11847265660458961,False,-2.1503012854975863,391.760706484931,10.0,30.0,30.0,True,7.0,,,False,,,,,,False,0.05555555555555555,0.5784764871835455,15.0,18.0
sub-006,ses-03,passivemotor,sub-006_ses-03_passivemotor,0,11,18,declared_unverified,0.08191311206717322,-0.2132590425432841,False,0.28125263248416693,69.81597856092215,,,,False,0.08231979640413134,0.07990528016673282,False,0.9317223789693531,222.2243329627879,,,,False,0.05972608992274042,-0.022130954457419416,False,0.47844167225486117,128.37555339400484,,,,False,-0.16683975304619758,-0.20338921995130432,False,-1.3633766976705295,273.36412175638606,110.0,,,False,2.0,,,,,,,,,,,,,
sub-007,ses-01,full,sub-007_ses-01_full,6,12,18,declared_unverified,-0.004355724833881247,-0.03876557860844976,False,-0.04157544192649758,149.44651020729458,,,,False,0.10246465935443005,0.08629530156101972,False,0.8095392440263578,244.42149376609038,,,,False,0.45249985452380126,0.48633169690184974,False,4.70490164728397,759.8610952290584,30.0,30.0,30.0,True,-0.007994590062678553,0.14118484499375983,False,-0.025218294868929337,173.01510810116807,,,,False,9.0,,,,,,,,,,,,,
sub-007,ses-01,mentalarithmetic,sub-007_ses-01_mentalarithmetic,3,12,18,declared_unverified,-0.10483618174529696,-0.06837575401495966,False,-1.0006625193684262,213.82096377810387,150.0,150.0,,True,-0.10895077268859077,-0.04528220186905041,False,-0.8607838713767793,187.40533190127533,,,,False,0.01232204627116884,-0.00532597625318032,False,0.12811941312145203,135.25001867405052,,,,False,-0.4906757805961788,-0.9467901118971473,False,-1.5477975009478668,268.2568130224338,20.0,,,False,7.0,,,,,,,,,,,,,
sub-007,ses-01,motorimagery,sub-007_ses-01_motorimagery,1,12,18,declared_unverified,-0.20368357349984834,-0.2451415599806963,False,-1.9441619717466065,357.5906838088517,60.0,150.0,,True,-0.07791312811517104,-0.14680051856224052,False,-0.6155657495128084,155.40919805204408,,,,False,0.1277872032276579,0.05151402283095541,False,1.3286771630022578,256.0396407566725,20.0,,,False,-0.46699834916773075,-0.6375970436074134,False,-1.4731089374542934,247.1398261952649,30.0,,,False,5.0,,,,,,,,,,,,,
sub-007,ses-01,nback,sub-007_ses-01_nback,4,12,18,event_matched,-0.05092801366914301,0.05085721417365319,False,-0.4861084562237061,143.43303305841243,,,,False,-0.1190731305164544,-0.024299797945578683,False,-0.9407572588389679,205.41957743437334,20.0,50.0,,True,-0.020032324715998362,0.06978306373115195,False,-0.2082876195715348,172.70288421849642,,,,False,-0.44317565189107344,-0.30288658366246723,False,-1.3979621444622958,248.72158472601575,,,,False,8.0,10.87068209298046,11.155946968056782,False,2.823785438171103,515.6042178359427,30.0,30.0,30.0,True,0.12698412698412698,0.5785123178640209,12.0,18.0
sub-007,ses-01,nbackarithmetic,sub-007_ses-01_nbackarithmetic,5,12,18,declared_unverified,0.006002349262145268,-0.053300224465259616,False,0.05729249038638271,161.19348783715967,80.0,,,False,0.022303794688902423,-0.053100502563160346,False,0.17621487452485732,119.80526680361011,,,,False,0.3904306237351918,0.20066984126537069,False,4.059532100170409,700.0467754647507,30.0,40.0,40.0,True,-0.2498910460645445,-0.31099317937157367,False,-0.7882613161342618,146.97780579567097,,,,False,9.0,,,,,,,,,,,,,
sub-007,ses-01,passivemotor,sub-007_ses-01_passivemotor,0,12,18,declared_unverified,0.003552499469235304,0.053895495049645525,False,0.033908646898040816,183.36391368749548,,,,False,0.036236876190915535,0.1547575037397355,False,0.2862955241572492,150.26045066829323,,,,False,0.14109673252765664,0.15665231781377242,False,1.4670640060080715,328.88415396083485,50.0,,,False,-0.02107577960975804,0.46295498344673325,False,-0.0664818609365158,153.75309150612608,,,,False,3.0,,,,,,,,,,,,,
sub-007,ses-02,full,sub-007_ses-02_full,6,8,18,declared_unverified,-0.01840168125959063,0.1308911812774729,False,-0.31867129624728346,291.98566969757155,120.0,120.0,,True,0.006513643359646437,0.2238254346838715,False,0.03402414981115179,93.57945851396344,,,,False,0.4517633128358576,0.5133230613455668,False,5.718119476434212,983.4687347947786,10.0,10.0,10.0,True,-0.37302682587218183,-0.16114275894728136,False,-1.005077731570509,159.2629857719867,,,,False,9.0,,,,,,,,,,,,,
sub-007,ses-02,mentalarithmetic,sub-007_ses-02_mentalarithmetic,3,8,17,declared_unverified,-0.228317717437037,-0.21275207977455501,False,-3.9538943178880044,730.6062896969307,10.0,10.0,10.0,True,-0.0007391071282452089,-0.17091034508967295,False,-0.003860741257911023,60.70417600951531,,,,False,0.12807378782436696,-0.024953922152012087,False,1.6210728046553495,328.4834486440775,30.0,30.0,30.0,True,-0.504246749561722,-0.7872003886079184,False,-1.358634671960446,208.47269255513024,70.0,,,False,7.0,,,,,,,,,,,,,
sub-007,ses-02,motorimagery,sub-007_ses-02_motorimagery,1,8,17,declared_unverified,-0.21514818978461503,-0.2739210292809744,False,-3.7258308932063886,607.0280203548041,10.0,80.0,80.0,True,-0.14698149013555062,-0.2719465614603922,False,-0.767760831184002,120.05894656561851,,,,False,-0.06079212954544044,-0.3243108989044071,False,-0.7694663335665701,299.78054908280643,,,,False,-0.5780199087252789,-0.6473355330216026,False,-1.5574079352224954,238.77859856977017,70.0,,,False,2.0,,,,,,,,,,,,,
sub-007,ses-02,nback,sub-007_ses-02_nback,4,8,18,declared_unverified,-0.09436323164709104,-0.08272519826364455,False,-1.6341361923867028,390.2709124758113,140.0,140.0,140.0,True,-0.02091974179134981,0.011682184118246841,False,-0.10927470071958786,84.78553142362242,,,,False,0.2879437933738507,0.34324104299179825,False,3.644600980707783,615.1180175696696,40.0,40.0,40.0,True,-0.4913738523530029,-0.42205822805667914,False,-1.3239501360828227,243.57333069907452,50.0,,,False,7.0,,,,,,,,,,,,,
sub-007,ses-02,passivemotor,sub-007_ses-02_passivemotor,0,8,18,declared_unverified,-0.10467765628381587,-0.03980983413851091,False,-1.8127563425056983,419.08908154669325,20.0,150.0,,True,-0.14329995696234255,-0.14329995696234255,False,-0.7485302670736028,131.76577304053802,,,,False,-0.09703218844827277,-0.07327957192373802,False,-1.2281688903071633,234.78209542465677,,,,False,-0.10443193110530569,-0.14107400441776474,False,-0.2813797859535544,120.15328260606539,,,,False,1.0,,,,,,,,,,,,,
sub-007,ses-03,activemotor,sub-007_ses-03_activemotor,2,12,18,declared_unverified,-0.0997031012832994,-0.1802685762185101,False,-0.8052726663447316,208.59345882763168,,,,False,-0.001585212879946507,-0.007985515394222098,False,-0.01052123004979902,98.97359673434451,,,,False,-0.10117688276212511,-0.251529506115981,False,-0.3848340626229805,105.32570898326428,,,,False,-0.41718568785643195,-0.1885532595858581,False,-1.2750672797295395,215.70921811343922,,,,False,2.0,,,,,,,,,,,,,
sub-007,ses-03,full,sub-007_ses-03_full,6,12,18,declared_unverified,-0.04579550349385686,-0.15435965563969933,False,-0.3698768316174213,130.62518677659713,,,,False,0.14725303128261924,0.024325066328843237,False,0.9773343613679675,198.87462694485492,90.0,,,False,0.4112911382712394,0.2581178033680811,False,1.5643775073983748,279.31137775034085,30.0,,,False,-0.1645432872826409,-0.23170561101385845,False,-0.502902587073969,138.2737251399227,,,,False,9.0,,,,,,,,,,,,,
sub-007,ses-03,mentalarithmetic,sub-007_ses-03_mentalarithmetic,3,12,17,declared_unverified,-0.21675572236231266,0.22337511169896462,False,-1.7506723085394633,315.72325089872237,,,,False,0.03357399270853212,0.15653915718071088,False,0.22283423598519217,85.04731301866053,,,,False,0.12479876379315025,0.3986028756194979,False,0.4746817056398005,90.9245680667168,,,,False,-0.3472692870665266,-0.15271014273575179,False,-1.0613779860681907,188.08504040429287,40.0,,,False,7.0,,,,,,,,,,,,,
sub-007,ses-03,motorimagery,sub-007_ses-03_motorimagery,1,12,18,declared_unverified,-0.1906594427774908,-0.13140692256616582,False,-1.5399003227891357,282.0312742788439,130.0,,,False,-0.10896444886713796,-0.07183286112103215,False,-0.7232088814591822,140.66813076810038,,,,False,-0.2531680904127698,-0.018039408388418776,False,-0.9629443218675593,183.86219230202144,,,,False,-0.5351033436182495,-0.33859863917423505,False,-1.6354654164365845,262.82300140896467,80.0,80.0,,True,3.0,,,,,,,,,,,,,
sub-007,ses-03,nback,sub-007_ses-03_nback,4,12,17,event_matched,-0.03739770569401024,-0.14444937213214049,False,-0.30205028521450383,164.36411674744662,,,,False,0.1020104253449341,0.014520524755290642,False,0.6770542720850168,152.46386227008168,,,,False,0.3615155897190665,0.23043364513998332,False,1.3750523765415983,228.40067150081836,60.0,,,False,-0.413382354032956,-0.6745795311855329,False,-1.2634429439640427,201.11170689046924,,,,False,8.0,0.007470422558085943,6.163583267689702,False,0.0026486661092341365,175.4069425844893,,,,False,0.031746031746031744,0.6237089340383667,14.0,18.0
sub-007,ses-03,nbackarithmetic,sub-007_ses-03_nbackarithmetic,5,12,18,event_matched,-0.03372862939556609,-0.016436132958140393,False,-0.2724162335567217,116.96249878660227,,,,False,0.2821879597459356,0.056059370400241004,False,1.8729121364890817,328.55354800096893,60.0,,,False,0.5728920899202554,0.35210445175985683,False,2.1790391677407195,403.0797939195186,20.0,60.0,150.0,True,-0.17178165964640657,-0.44272764789673147,False,-0.5250256177248007,93.16309988972344,,,,False,9.0,1.9120588368382272,-0.0764068554420021,False,0.6779275737907724,191.30656916855824,,,,False,0.09722222222222222,0.8695842194162072,11.0,18.0
sub-007,ses-03,passivemotor,sub-007_ses-03_passivemotor,0,12,18,declared_unverified,-0.2105727110186968,-0.19028620516776606,False,-1.7007339418625256,297.43613575846814,40.0,80.0,,True,-0.11812130148383826,-0.07309245255843067,False,-0.7839839067767058,152.26514013818903,,,,False,-0.34031920987171593,-0.10000385452971516,False,-1.2944303140025326,225.95352035073094,,,,False,-0.29959149549101216,-0.29959149549101216,False,-0.9156577617717521,211.26403865244,,,,False,2.0,,,,,,,,,,,,,
sub-008,ses-03,activemotor,sub-008_ses-03_activemotor,2,14,14,declared_unverified,-0.03661895455050557,-0.11579609923811618,False,-0.1571647085712733,60.8837944472937,,,,False,-0.07093170807153149,0.04061779283529843,False,-0.44173913461398046,95.72605871558892,,,,False,0.0011296785121410746,-0.06757332574641417,False,0.005919760951513163,73.52872996157996,,,,False,-0.04870003172227888,0.008955284493163629,False,-0.6701721235926468,142.90769700897079,,,,False,2.0,,,,,,,,,,,,,
sub-008,ses-03,full,sub-008_ses-03_full,6,14,18,declared_unverified,-0.4709303150773261,-0.31377578152752106,False,-2.02118347274018,359.5688494969917,40.0,40.0,,True,-0.0037115322798593198,-0.0678018594621368,False,-0.023114191127943388,136.84494286695468,,,,False,-0.1086744640545454,-0.29039745821110885,False,-0.5694778132208255,196.85776342014896,,,,False,-0.16960215045673854,-0.23424208014516357,False,-2.3339334558477227,499.2608724228895,40.0,100.0,100.0,True,9.0,,,,,,,,,,,,,
sub-008,ses-03,mentalarithmetic,sub-008_ses-03_mentalarithmetic,3,14,17,declared_unverified,-0.23749118417891713,-0.41896712780364687,False,-1.0192872300121596,201.6745801271266,30.0,70.0,,True,-0.12201852136446822,-0.2808487999597833,False,-0.7598908513532713,140.06974672837956,,,,False,-0.2643641362243674,-0.44662062279686987,False,-1.3853255362317882,239.36698819143623,60.0,,,False,-0.18792470539018136,-0.2866339408981109,False,-2.5860742679813393,407.84296212210216,40.0,40.0,80.0,True,5.0,,,,,,,,,,,,,
sub-008,ses-03,motorimagery,sub-008_ses-03_motorimagery,1,14,18,declared_unverified,-0.3244692907588336,-0.09049528878824686,False,-1.3925881322500944,270.7614712074209,60.0,,,False,-0.23515485871227626,-0.2164714812226458,False,-1.4644664087755854,237.8216556997023,60.0,,,False,-0.26062107196814477,-0.2013931288281614,False,-1.3657110659335143,243.1816723503581,90.0,,,False,-0.14019774976064647,-0.1908280297174908,False,-1.9292928640336071,328.78839822252013,70.0,160.0,,True,4.0,,,,,,,,,,,,,
sub-008,ses-03,nback,sub-008_ses-03_nback,4,14,18,event_matched,-0.47221210901058863,-0.4365895297903146,False,-2.026684797735457,352.92716854248386,90.0,120.0,,True,-0.35773253278993966,-0.4343585266396186,False,-2.2278394776357975,362.40661466544105,50.0,50.0,,True,-0.5559834909022316,-0.5806826108213137,False,-2.9134743413776327,458.18635897360025,50.0,60.0,60.0,True,-0.260540755819045,-0.23327517702901768,False,-3.5853601206137373,599.8772379400078,40.0,40.0,40.0,True,6.0,-1.000315674462442,0.31939364477536003,False,-0.3805305019692569,239.34945893558276,30.0,30.0,,True,0.04894179894179893,0.9439946788792929,17.0,18.0
sub-008,ses-03,nbackarithmetic,sub-008_ses-03_nbackarithmetic,5,14,18,declared_unverified,-0.606268836225476,-0.7188269677781909,False,-2.602042197294411,462.1540789892026,20.0,20.0,30.0,True,-0.11738231001191402,-0.016321889372996168,False,-0.7310180658748855,144.73794417232583,,,,False,-0.4354047892983812,-0.3152534235842739,False,-2.2816157358831335,360.5163574055108,40.0,40.0,130.0,True,-0.21974261109466564,-0.24173678534245835,False,-3.023927646719282,498.9300010774759,60.0,60.0,70.0,True,7.0,,,,,,,,,,,,,
sub-008,ses-03,passivemotor,sub-008_ses-03_passivemotor,0,14,14,declared_unverified,-0.10344650701876201,-0.19371987215835862,False,-0.4439815480230688,96.58288167076036,,,,False,-0.2078357208825221,-0.13148227836827409,False,-1.2943318859871917,187.17307565485967,,,,False,-0.3503256737328042,-0.17123056647857604,False,-1.8357826774497497,257.02727937235386,150.0,160.0,,True,-0.1494072492949553,-0.1013094090677521,False,-2.0560268648517166,289.5797269687397,150.0,,,False,1.0,,,,,,,,,,,,,
sub-009,ses-01,activemotor,sub-009_ses-01_activemotor,2,0,0,declared_unverified,,,True,,,,,,False,,,True,,,,,,False,,,True,,,,,,False,,,True,,,,,,False,1.0,,,,,,,,,,,,,
sub-009,ses-01,full,sub-009_ses-01_full,6,0,0,declared_unverified,,,True,,,,,,False,,,True,,,,,,False,,,True,,,,,,False,,,True,,,,,,False,8.0,,,,,,,,,,,,,
sub-009,ses-01,mentalarithmetic,sub-009_ses-01_mentalarithmetic,3,0,0,declared_unverified,,,True,,,,,,False,,,True,,,,,,False,,,True,,,,,,False,,,True,,,,,,False,2.0,,,,,,,,,,,,,
sub-009,ses-01,motorimagery,sub-009_ses-01_motorimagery,1,0,0,declared_unverified,,,True,,,,,,False,,,True,,,,,,False,,,True,,,,,,False,,,True,,,,,,False,1.0,,,,,,,,,,,,,
sub-009,ses-01,nback,sub-009_ses-01_nback,4,0,0,event_matched,,,True,,,,,,False,,,True,,,,,,False,,,True,,,,,,False,,,True,,,,,,False,6.0,-4.1877368855659824,-11.200858976139415,False,-0.5133004662556145,95.2288204604413,,,,False,0.06613756613756613,1.1392283549745723,16.0,18.0
sub-009,ses-01,nbackarithmetic,sub-009_ses-01_nbackarithmetic,5,0,0,declared_unverified,,,True,,,,,,False,,,True,,,,,,False,,,True,,,,,,False,,,True,,,,,,False,8.0,,,,,,,,,,,,,
sub-009,ses-01,passivemotor,sub-009_ses-01_passivemotor,0,0,0,declared_unverified,,,True,,,,,,False,,,True,,,,,,False,,,True,,,,,,False,,,True,,,,,,False,1.0,,,,,,,,,,,,,
sub-009,ses-02,activemotor,sub-009_ses-02_activemotor,2,0,0,declared_unverified,,,True,,,,,,False,,,True,,,,,,False,,,True,,,,,,False,,,True,,,,,,False,1.0,,,,,,,,,,,,,
sub-009,ses-02,full,sub-009_ses-02_full,6,0,0,declared_unverified,,,True,,,,,,False,,,True,,,,,,False,,,True,,,,,,False,,,True,,,,,,False,9.0,,,,,,,,,,,,,
sub-009,ses-02,mentalarithmetic,sub-009_ses-02_mentalarithmetic,3,0,0,declared_unverified,,,True,,,,,,False,,,True,,,,,,False,,,True,,,,,,False,,,True,,,,,,False,1.0,,,,,,,,,,,,,
sub-009,ses-02,motorimagery,sub-009_ses-02_motorimagery,1,0,0,declared_unverified,,,True,,,,,,False,,,True,,,,,,False,,,True,,,,,,False,,,True,,,,,,False,1.0,,,,,,,,,,,,,
sub-009,ses-02,nback,sub-009_ses-02_nback,4,0,0,declared_unverified,,,True,,,,,,False,,,True,,,,,,False,,,True,,,,,,False,,,True,,,,,,False,8.0,,,,,,,,,,,,,
sub-009,ses-02,nbackarithmetic,sub-009_ses-02_nbackarithmetic,5,0,0,declared_unverified,,,True,,,,,,False,,,True,,,,,,False,,,True,,,,,,False,,,True,,,,,,False,8.0,,,,,,,,,,,,,
sub-009,ses-02,passivemotor,sub-009_ses-02_passivemotor,0,0,0,declared_unverified,,,True,,,,,,False,,,True,,,,,,False,,,True,,,,,,False,,,True,,,,,,False,1.0,,,,,,,,,,,,,
sub-009,ses-03,activemotor,sub-009_ses-03_activemotor,2,0,0,declared_unverified,,,True,,,,,,False,,,True,,,,,,False,,,True,,,,,,False,,,True,,,,,,False,1.0,,,,,,,,,,,,,
sub-009,ses-03,full,sub-009_ses-03_full,6,0,0,declared_unverified,,,True,,,,,,False,,,True,,,,,,False,,,True,,,,,,False,,,True,,,,,,False,9.0,,,,,,,,,,,,,
sub-009,ses-03,mentalarithmetic,sub-009_ses-03_mentalarithmetic,3,0,0,declared_unverified,,,True,,,,,,False,,,True,,,,,,False,,,True,,,,,,False,,,True,,,,,,False,1.0,,,,,,,,,,,,,
sub-009,ses-03,motorimagery,sub-009_ses-03_motorimagery,1,0,0,declared_unverified,,,True,,,,,,False,,,True,,,,,,False,,,True,,,,,,False,,,True,,,,,,False,1.0,,,,,,,,,,,,,
sub-009,ses-03,nback,sub-009_ses-03_nback,4,0,0,event_matched,,,True,,,,,,False,,,True,,,,,,False,,,True,,,,,,False,,,True,,,,,,False,7.0,-0.5113745334915336,-3.936852480297091,False,-0.14079181984104805,139.88437621445786,40.0,,,False,0.023809523809523808,0.6478819453290531,17.0,18.0
sub-009,ses-03,nbackarithmetic,sub-009_ses-03_nbackarithmetic,5,0,0,event_matched,,,True,,,,,,False,,,True,,,,,,False,,,True,,,,,,False,,,True,,,,,,False,8.0,-0.6213769047114681,-0.24239658981483103,False,-0.17107771211092687,149.38571648858695,50.0,,,False,0.1527777777777778,0.8335734432563185,10.0,18.0
sub-009,ses-03,passivemotor,sub-009_ses-03_passivemotor,0,0,0,declared_unverified,,,True,,,,,,False,,,True,,,,,,False,,,True,,,,,,False,,,True,,,,,,False,1.0,,,,,,,,,,,,,
sub-010,ses-01,activemotor,sub-010_ses-01_activemotor,2,0,0,declared_unverified,,,True,,,,,,False,,,True,,,,,,False,,,True,,,,,,False,,,True,,,,,,False,1.0,,,,,,,,,,,,,
sub-010,ses-01,full,sub-010_ses-01_full,6,0,0,declared_unverified,,,True,,,,,,False,,,True,,,,,,False,,,True,,,,,,False,,,True,,,,,,False,9.0,,,,,,,,,,,,,
sub-010,ses-01,mentalarithmetic,sub-010_ses-01_mentalarithmetic,3,0,0,declared_unverified,,,True,,,,,,False,,,True,,,,,,False,,,True,,,,,,False,,,True,,,,,,False,6.0,,,,,,,,,,,,,
sub-010,ses-01,motorimagery,sub-010_ses-01_motorimagery,1,0,0,declared_unverified,,,True,,,,,,False,,,True,,,,,,False,,,True,,,,,,False,,,True,,,,,,False,3.0,,,,,,,,,,,,,
sub-010,ses-01,nback,sub-010_ses-01_nback,4,0,0,event_matched,,,True,,,,,,False,,,True,,,,,,False,,,True,,,,,,False,,,True,,,,,,False,6.0,6.101335404128633,5.534336278702369,False,1.7962572223776232,654.7457310171354,50.0,60.0,60.0,True,0.05555555555555555,1.0415001021313135,14.0,18.0
sub-010,ses-01,nbackarithmetic,sub-010_ses-01_nbackarithmetic,5,0,0,event_matched,,,True,,,,,,False,,,True,,,,,,False,,,True,,,,,,False,,,True,,,,,,False,8.0,-3.9037854076144924,-4.065164467156492,False,-1.1492898305992025,303.6392474163501,30.0,30.0,40.0,True,0.09722222222222222,1.0237319885538403,11.0,18.0
sub-010,ses-01,passivemotor,sub-010_ses-01_passivemotor,0,0,0,declared_unverified,,,True,,,,,,False,,,True,,,,,,False,,,True,,,,,,False,,,True,,,,,,False,1.0,,,,,,,,,,,,,
sub-010,ses-02,activemotor,sub-010_ses-02_activemotor,2,0,0,declared_unverified,,,True,,,,,,False,,,True,,,,,,False,,,True,,,,,,False,,,True,,,,,,False,2.0,,,,,,,,,,,,,
sub-010,ses-02,full,sub-010_ses-02_full,6,0,0,declared_unverified,,,True,,,,,,False,,,True,,,,,,False,,,True,,,,,,False,,,True,,,,,,False,8.0,,,,,,,,,,,,,
sub-010,ses-02,mentalarithmetic,sub-010_ses-02_mentalarithmetic,3,0,0,declared_unverified,,,True,,,,,,False,,,True,,,,,,False,,,True,,,,,,False,,,True,,,,,,False,3.0,,,,,,,,,,,,,
sub-010,ses-02,motorimagery,sub-010_ses-02_motorimagery,1,0,0,declared_unverified,,,True,,,,,,False,,,True,,,,,,False,,,True,,,,,,False,,,True,,,,,,False,1.0,,,,,,,,,,,,,
sub-010,ses-02,nback,sub-010_ses-02_nback,4,0,0,declared_unverified,,,True,,,,,,False,,,True,,,,,,False,,,True,,,,,,False,,,True,,,,,,False,6.0,,,,,,,,,,,,,
sub-010,ses-02,nbackarithmetic,sub-010_ses-02_nbackarithmetic,5,0,0,event_matched,,,True,,,,,,False,,,True,,,,,,False,,,True,,,,,,False,,,True,,,,,,False,6.0,2.2083594929824244,4.478161097217281,False,0.6503065403919916,301.58272404584795,80.0,80.0,90.0,True,0.1111111111111111,1.2723908368385313,11.0,18.0
sub-010,ses-02,passivemotor,sub-010_ses-02_passivemotor,0,0,0,declared_unverified,,,True,,,,,,False,,,True,,,,,,False,,,True,,,,,,False,,,True,,,,,,False,2.0,,,,,,,,,,,,,
sub-010,ses-03,activemotor,sub-010_ses-03_activemotor,2,0,0,declared_unverified,,,True,,,,,,False,,,True,,,,,,False,,,True,,,,,,False,,,True,,,,,,False,2.0,,,,,,,,,,,,,
sub-010,ses-03,full,sub-010_ses-03_full,6,0,0,declared_unverified,,,True,,,,,,False,,,True,,,,,,False,,,True,,,,,,False,,,True,,,,,,False,8.0,,,,,,,,,,,,,
sub-010,ses-03,mentalarithmetic,sub-010_ses-03_mentalarithmetic,3,0,0,declared_unverified,,,True,,,,,,False,,,True,,,,,,False,,,True,,,,,,False,,,True,,,,,,False,5.0,,,,,,,,,,,,,
sub-010,ses-03,motorimagery,sub-010_ses-03_motorimagery,1,0,0,declared_unverified,,,True,,,,,,False,,,True,,,,,,False,,,True,,,,,,False,,,True,,,,,,False,2.0,,,,,,,,,,,,,
sub-010,ses-03,nback,sub-010_ses-03_nback,4,0,0,event_matched,,,True,,,,,,False,,,True,,,,,,False,,,True,,,,,,False,,,True,,,,,,False,6.0,-1.6822806515464208,2.602016313999357,False,-0.26484689633781705,136.43630182931705,,,,False,0.017195767195767195,1.1597443557485139,16.0,18.0
sub-010,ses-03,nbackarithmetic,sub-010_ses-03_nbackarithmetic,5,0,0,event_matched,,,True,,,,,,False,,,True,,,,,,False,,,True,,,,,,False,,,True,,,,,,False,7.0,2.370561265832123,-6.939760407733189,False,0.37320514460958243,131.59810703808296,140.0,,,False,0.1111111111111111,1.1840766648845602,10.0,18.0
sub-011,ses-01,activemotor,sub-011_ses-01_activemotor,2,0,0,declared_unverified,,,True,,,,,,False,,,True,,,,,,False,,,True,,,,,,False,,,True,,,,,,False,2.0,,,,,,,,,,,,,
sub-011,ses-01,full,sub-011_ses-01_full,6,0,0,declared_unverified,,,True,,,,,,False,,,True,,,,,,False,,,True,,,,,,False,,,True,,,,,,False,8.0,,,,,,,,,,,,,
sub-011,ses-01,mentalarithmetic,sub-011_ses-01_mentalarithmetic,3,0,0,declared_unverified,,,True,,,,,,False,,,True,,,,,,False,,,True,,,,,,False,,,True,,,,,,False,5.0,,,,,,,,,,,,,
sub-011,ses-01,motorimagery,sub-011_ses-01_motorimagery,1,0,0,declared_unverified,,,True,,,,,,False,,,True,,,,,,False,,,True,,,,,,False,,,True,,,,,,False,5.0,,,,,,,,,,,,,
sub-011,ses-01,nback,sub-011_ses-01_nback,4,0,0,event_matched,,,True,,,,,,False,,,True,,,,,,False,,,True,,,,,,False,,,True,,,,,,False,8.0,2.43260561033555,2.3674269573697657,False,0.532704557114988,148.11159913644758,,,,False,0.056878306878306875,0.7478535343588242,14.0,18.0
sub-011,ses-01,nbackarithmetic,sub-011_ses-01_nbackarithmetic,5,0,0,declared_unverified,,,True,,,,,,False,,,True,,,,,,False,,,True,,,,,,False,,,True,,,,,,False,2.0,,,,,,,,,,,,,
sub-011,ses-01,passivemotor,sub-011_ses-01_passivemotor,0,0,0,declared_unverified,,,True,,,,,,False,,,True,,,,,,False,,,True,,,,,,False,,,True,,,,,,False,,,,,,,,,,,,,,
sub-011,ses-02,activemotor,sub-011_ses-02_activemotor,2,0,0,declared_unverified,,,True,,,,,,False,,,True,,,,,,False,,,True,,,,,,False,,,True,,,,,,False,2.0,,,,,,,,,,,,,
sub-011,ses-02,full,sub-011_ses-02_full,6,0,0,declared_unverified,,,True,,,,,,False,,,True,,,,,,False,,,True,,,,,,False,,,True,,,,,,False,8.0,,,,,,,,,,,,,
sub-011,ses-02,mentalarithmetic,sub-011_ses-02_mentalarithmetic,3,0,0,declared_unverified,,,True,,,,,,False,,,True,,,,,,False,,,True,,,,,,False,,,True,,,,,,False,5.0,,,,,,,,,,,,,
sub-011,ses-02,motorimagery,sub-011_ses-02_motorimagery,1,0,0,declared_unverified,,,True,,,,,,False,,,True,,,,,,False,,,True,,,,,,False,,,True,,,,,,False,3.0,,,,,,,,,,,,,
sub-011,ses-02,nback,sub-011_ses-02_nback,4,0,0,declared_unverified,,,True,,,,,,False,,,True,,,,,,False,,,True,,,,,,False,,,True,,,,,,False,6.0,,,,,,,,,,,,,
sub-011,ses-02,nbackarithmetic,sub-011_ses-02_nbackarithmetic,5,0,0,event_matched,,,True,,,,,,False,,,True,,,,,,False,,,True,,,,,,False,,,True,,,,,,False,5.0,2.199126281161554,1.3106336041407616,False,0.6417997823174324,255.3469857339474,,,,False,0.06944444444444445,0.6985419673728757,13.0,18.0
sub-011,ses-02,passivemotor,sub-011_ses-02_passivemotor,0,0,0,declared_unverified,,,True,,,,,,False,,,True,,,,,,False,,,True,,,,,,False,,,True,,,,,,False,2.0,,,,,,,,,,,,,
sub-011,ses-03,activemotor,sub-011_ses-03_activemotor,2,0,0,declared_unverified,,,True,,,,,,False,,,True,,,,,,False,,,True,,,,,,False,,,True,,,,,,False,2.0,,,,,,,,,,,,,
sub-011,ses-03,full,sub-011_ses-03_full,6,0,0,declared_unverified,,,True,,,,,,False,,,True,,,,,,False,,,True,,,,,,False,,,True,,,,,,False,6.0,,,,,,,,,,,,,
sub-011,ses-03,mentalarithmetic,sub-011_ses-03_mentalarithmetic,3,0,0,declared_unverified,,,True,,,,,,False,,,True,,,,,,False,,,True,,,,,,False,,,True,,,,,,False,3.0,,,,,,,,,,,,,
sub-011,ses-03,motorimagery,sub-011_ses-03_motorimagery,1,0,0,declared_unverified,,,True,,,,,,False,,,True,,,,,,False,,,True,,,,,,False,,,True,,,,,,False,2.0,,,,,,,,,,,,,
sub-011,ses-03,nback,sub-011_ses-03_nback,4,0,0,event_matched,,,True,,,,,,False,,,True,,,,,,False,,,True,,,,,,False,,,True,,,,,,False,4.0,3.599271512538337,1.3513736756055295,False,0.7595099164552875,141.02828861640103,,,,False,0.031746031746031744,0.680021583139027,17.0,18.0
sub-011,ses-03,nbackarithmetic,sub-011_ses-03_nbackarithmetic,5,0,0,event_matched,,,True,,,,,,False,,,True,,,,,,False,,,True,,,,,,False,,,True,,,,,,False,6.0,-7.730511595117434,-2.630375093641277,False,-1.6312746052390883,287.6736580574444,20.0,,,False,0.09722222222222222,0.4107424699413997,11.0,18.0
sub-011,ses-03,passivemotor,sub-011_ses-03_passivemotor,0,0,0,declared_unverified,,,True,,,,,,False,,,True,,,,,,False,,,True,,,,,,False,,,True,,,,,,False,2.0,,,,,,,,,,,,,
sub-012,ses-01,motorimagery,sub-012_ses-01_motorimagery,1,0,0,declared_unverified,,,True,,,,,,False,,,True,,,,,,False,,,True,,,,,,False,,,True,,,,,,False,3.0,,,,,,,,,,,,,
sub-012,ses-01,nback,sub-012_ses-01_nback,4,0,0,declared_unverified,,,True,,,,,,False,,,True,,,,,,False,,,True,,,,,,False,,,True,,,,,,False,5.0,,,,,,,,,,,,,
sub-012,ses-01,passivemotor,sub-012_ses-01_passivemotor,0,0,0,declared_unverified,,,True,,,,,,False,,,True,,,,,,False,,,True,,,,,,False,,,True,,,,,,False,1.0,,,,,,,,,,,,,
sub-012,ses-02,motorimagery,sub-012_ses-02_motorimagery,1,0,0,declared_unverified,,,True,,,,,,False,,,True,,,,,,False,,,True,,,,,,False,,,True,,,,,,False,3.0,,,,,,,,,,,,,
sub-012,ses-02,nback,sub-012_ses-02_nback,4,0,0,declared_unverified,,,True,,,,,,False,,,True,,,,,,False,,,True,,,,,,False,,,True,,,,,,False,6.0,,,,,,,,,,,,,
sub-012,ses-02,passivemotor,sub-012_ses-02_passivemotor,0,0,0,declared_unverified,,,True,,,,,,False,,,True,,,,,,False,,,True,,,,,,False,,,True,,,,,,False,1.0,,,,,,,,,,,,,
sub-012,ses-03,motorimagery,sub-012_ses-03_motorimagery,1,0,0,declared_unverified,,,True,,,,,,False,,,True,,,,,,False,,,True,,,,,,False,,,True,,,,,,False,3.0,,,,,,,,,,,,,
sub-012,ses-03,nback,sub-012_ses-03_nback,4,0,0,declared_unverified,,,True,,,,,,False,,,True,,,,,,False,,,True,,,,,,False,,,True,,,,,,False,7.0,,,,,,,,,,,,,
sub-013,ses-01,nback,sub-013_ses-01_nback,4,0,0,event_matched,,,True,,,,,,False,,,True,,,,,,False,,,True,,,,,,False,,,True,,,,,,False,7.0,-1.4301112554624922,-4.520471285080021,False,-0.24807015384503078,65.29461351279114,,,,False,0.042328042328042326,0.973864141203017,16.0,18.0
sub-013,ses-01,passivemotor,sub-013_ses-01_passivemotor,0,0,0,declared_unverified,,,True,,,,,,False,,,True,,,,,,False,,,True,,,,,,False,,,True,,,,,,False,1.0,,,,,,,,,,,,,
sub-013,ses-02,motorimagery,sub-013_ses-02_motorimagery,1,0,0,declared_unverified,,,True,,,,,,False,,,True,,,,,,False,,,True,,,,,,False,,,True,,,,,,False,1.0,,,,,,,,,,,,,
sub-013,ses-02,nback,sub-013_ses-02_nback,4,0,0,declared_unverified,,,True,,,,,,False,,,True,,,,,,False,,,True,,,,,,False,,,True,,,,,,False,7.0,,,,,,,,,,,,,
sub-013,ses-02,passivemotor,sub-013_ses-02_passivemotor,0,0,0,declared_unverified,,,True,,,,,,False,,,True,,,,,,False,,,True,,,,,,False,,,True,,,,,,False,1.0,,,,,,,,,,,,,
sub-013,ses-03,motorimagery,sub-013_ses-03_motorimagery,1,0,0,declared_unverified,,,True,,,,,,False,,,True,,,,,,False,,,True,,,,,,False,,,True,,,,,,False,1.0,,,,,,,,,,,,,
sub-013,ses-03,nback,sub-013_ses-03_nback,4,0,0,event_matched,,,True,,,,,,False,,,True,,,,,,False,,,True,,,,,,False,,,True,,,,,,False,7.0,3.456077337131987,-6.072028492432906,False,0.8108564221588841,155.47929558005518,,,,False,0.06746031746031747,0.9383301861893869,12.0,18.0
sub-013,ses-03,passivemotor,sub-013_ses-03_passivemotor,0,0,0,declared_unverified,,,True,,,,,,False,,,True,,,,,,False,,,True,,,,,,False,,,True,,,,,,False,1.0,,,,,,,,,,,,,
sub-014,ses-02,full,sub-014_ses-02_full,6,10,18,declared_unverified,-0.05070517630045157,-0.08357694688480266,False,-0.5793492513292772,242.22355548695944,80.0,,,False,-0.2153001437220733,-0.17995519421994277,False,-2.9252326679710636,466.492414404458,10.0,10.0,10.0,True,-0.30916955894346265,-0.18785232370292615,False,-3.4253820725054824,598.717985527623,10.0,10.0,10.0,True,-0.13780509630042492,-0.10298884604086145,False,-1.6158072930395577,264.5609623971255,20.0,20.0,,True,7.0,,,,,,,,,,,,,
sub-014,ses-02,mentalarithmetic,sub-014_ses-02_mentalarithmetic,3,10,18,declared_unverified,-0.17131136418296578,-0.17131136418296578,False,-1.9573763040582217,426.2656570806283,50.0,80.0,,True,0.01099441885422836,-0.024692996327064787,False,0.14937859604618947,753.2101961399187,120.0,120.0,120.0,True,0.03518876595332321,0.056502311192755394,False,0.38986686937101284,649.8862859650025,50.0,50.0,50.0,True,-0.13845460576815216,-0.1483530097078707,False,-1.6234229920450876,414.2902264601082,110.0,110.0,110.0,True,9.0,,,,,,,,,,,,,
sub-014,ses-02,motorimagery,sub-014_ses-02_motorimagery,1,10,18,declared_unverified,-0.5309265706757467,-0.45164291663323963,False,-6.06628225507373,1022.8182732953485,10.0,10.0,10.0,True,0.16616115010181964,-0.013560141349886479,False,2.257592661214996,1133.4452502172871,20.0,20.0,20.0,True,0.05793338033151274,-0.22142555393951513,False,0.6418612591270494,819.1205838169308,20.0,20.0,20.0,True,-0.18466505583793746,-0.147614002247755,False,-2.165254783770843,380.32234429075373,10.0,70.0,70.0,True,2.0,,,,,,,,,,,,,
sub-014,ses-02,nback,sub-014_ses-02_nback,4,10,18,declared_unverified,-0.3168125633353789,-0.29128694854198645,False,-3.6198497820512725,580.4263066927547,20.0,90.0,90.0,True,-0.08829503962988006,-0.10864925990041985,False,-1.199644040547125,644.8527904529795,20.0,20.0,20.0,True,-0.17495637967906286,-0.20018972552928183,False,-1.9383940918087479,646.7033004604298,10.0,20.0,20.0,True,-0.3524101234514476,-0.3677999496457074,False,-4.132117482596067,665.1796135255092,20.0,20.0,20.0,True,4.0,,,,,,,,,,,,,
sub-014,ses-02,nbackarithmetic,sub-014_ses-02_nbackarithmetic,5,10,18,declared_unverified,-0.06558049582685621,-0.04379842069919215,False,-0.7493122779804535,288.27425973790207,90.0,90.0,,True,-0.07568148165060617,-0.08899785430996787,False,-1.0282665801216955,238.7947008676678,110.0,,,False,-0.08839429281117228,0.04244319552650033,False,-0.9793468249005707,228.0874723432516,150.0,,,False,-0.1393641918601145,-0.17428588490653585,False,-1.634088169752565,347.12160850431076,70.0,150.0,150.0,True,5.0,,,,,,,,,,,,,
sub-014,ses-03,full,sub-014_ses-03_full,6,10,18,declared_unverified,0.167538985101912,0.17415612658604696,False,0.8622014759656833,148.27226726536108,,,,False,-0.05557803120674154,-0.004673589612613993,False,-0.3375171753734644,80.57878635513747,,,,False,-0.08250471126288894,0.07629668088508357,False,-0.5116405541131781,118.60124798479175,,,,False,-0.1452232250343688,-0.2031592019282531,False,-0.9692717568865179,189.48143900354523,,,,False,5.0,,,,,,,,,,,,,
sub-014,ses-03,mentalarithmetic,sub-014_ses-03_mentalarithmetic,3,10,18,declared_unverified,-0.07446619866657622,-0.12088994530882236,False,-0.3832234411639822,153.41235054314828,,,,False,0.24612072072219826,0.14836902154958898,False,1.4946547881487648,331.8163619612863,90.0,,,False,0.18122684374456388,0.1618730972010738,False,1.1238510060134992,266.02409581306034,,,,False,-0.023548638249391685,-0.023548638249391685,False,-0.15717203610421907,128.92181667423867,,,,False,5.0,,,,,,,,,,,,,
sub-014,ses-03,motorimagery,sub-014_ses-03_motorimagery,1,10,18,declared_unverified,-0.2290366054970181,-0.0363349658293437,False,-1.1786850635962534,209.86744525489706,,,,False,0.13435573781996335,0.26939581549028,False,0.8159225532032017,172.69458753251007,,,,False,-0.01810197641839295,-0.00903261360981722,False,-0.11225668332732225,139.58981482941482,,,,False,-0.20337453296669028,-0.10090733832553833,False,-1.3573943894163416,264.3494707841875,60.0,,,False,1.0,,,,,,,,,,,,,
sub-014,ses-03,nback,sub-014_ses-03_nback,4,10,18,declared_unverified,-0.05932837694029591,-0.25517011080858065,False,-0.30532006704860803,102.20311471566403,,,,False,0.04434001673395804,-0.05571462081643719,False,0.26927037318735386,260.1077242273508,150.0,150.0,,True,0.07378749407349272,0.04338118181683681,False,0.45758204321316154,276.8087615045173,150.0,150.0,,True,-0.23981650134712518,-0.101439790072964,False,-1.6006211233505847,277.27214547133974,20.0,30.0,,True,6.0,,,,,,,,,,,,,
sub-014,ses-03,nbackarithmetic,sub-014_ses-03_nbackarithmetic,5,10,18,declared_unverified,0.02013515465172455,0.09943392640675719,False,0.10362101721550879,99.76083390494685,,,,False,-0.024259799834966067,-0.1452230376527026,False,-0.14732618154401603,88.40032155624714,,,,False,0.03740635461979114,-0.08231561614857341,False,0.2319698804113342,110.78536810661431,,,,False,-0.26202773116705613,-0.5346102324954002,False,-1.7488668171442574,282.1598257779568,130.0,,,False,7.0,,,,,,,,,,,,,
sub-015,ses-01,activemotor,sub-015_ses-01_activemotor,2,12,18,declared_unverified,-0.19456908865534261,-0.3175800954918633,False,-0.6045069814645779,210.87563209493072,70.0,,,False,0.3788171650691945,0.4554919467654128,False,3.7247151210558833,598.9241925444176,70.0,70.0,70.0,True,0.48837282292048556,0.5970204177116893,False,3.9281428952831634,598.0327399825572,70.0,70.0,70.0,True,-0.015775851172362687,-0.006783224237234098,False,-0.226483172566204,135.30170503533824,,,,False,1.0,,,,,,,,,,,,,
sub-015,ses-01,full,sub-015_ses-01_full,6,12,18,declared_unverified,-0.04236541643585068,0.14150498992237548,False,-0.13162517327452547,62.54861266447304,,,,False,-0.06134650161585853,-0.014184751336676626,False,-0.6031887233798652,234.3571840854845,,,,False,-0.047696375523989865,-0.024813540906226006,False,-0.3836376019552237,179.8039984000424,,,,False,0.04553314183212431,0.02487725234223004,False,0.6536883687843524,138.27571243506148,,,,False,7.0,,,,,,,,,,,,,
sub-015,ses-01,mentalarithmetic,sub-015_ses-01_mentalarithmetic,3,12,18,declared_unverified,0.0998374846212462,0.11673660559788135,False,0.31018522460324305,62.34853813446702,,,,False,0.044446404219860014,0.06588283368492132,False,0.4370187233834437,188.72564283370568,,,,False,0.05429032434870651,0.09008781368297236,False,0.4366748964401559,185.52166475011222,,,,False,0.10604627130736843,0.005281324389780462,False,1.5224342383874179,295.1223320942433,,,,False,4.0,,,,,,,,,,,,,
sub-015,ses-01,motorimagery,sub-015_ses-01_motorimagery,1,12,18,declared_unverified,-0.5133267094349785,0.07183225968614604,False,-1.5948554920528104,287.64670312531894,60.0,,,False,0.6034364809629091,-0.007063523843501729,False,5.933281784706742,1043.826706706861,10.0,10.0,10.0,True,0.727681765254895,-0.04053240840911165,False,5.852983257994526,1048.5528593821323,10.0,10.0,10.0,True,-0.04543210322377278,0.04344107257004981,False,-0.6522378261593541,199.11217593718357,,,,False,1.0,,,,,,,,,,,,,
sub-015,ses-01,nback,sub-015_ses-01_nback,4,12,18,declared_unverified,0.16440198693980768,0.01335571588129758,False,0.5107807697439878,92.31246759190584,,,,False,0.05119132335096621,0.16197735900420307,False,0.503338057865928,201.67067258659404,,,,False,0.04102942759145933,0.23360297191710955,False,0.33001315168835027,131.41021133615797,,,,False,-0.01336174668360357,0.012404455958076932,False,-0.19182551526791997,103.73653268555186,,,,False,4.0,,,,,,,,,,,,,
sub-015,ses-01,nbackarithmetic,sub-015_ses-01_nbackarithmetic,5,12,18,declared_unverified,0.20563425849342853,-0.048883654250670094,False,0.6388853735536881,119.51687155490505,,,,False,0.09669239795332318,0.060246603064824544,False,0.9507268148266481,261.3050447593637,150.0,,,False,0.10459819767465683,0.08548146482404029,False,0.8413176322918028,278.3843087201434,150.0,,,False,0.010884106991392306,-3.137974943445698e-05,False,0.15625572623802508,121.71783584152605,,,,False,6.0,,,,,,,,,,,,,
sub-015,ses-02,activemotor,sub-015_ses-02_activemotor,2,12,18,declared_unverified,-0.09559399712219363,-0.3023001453860049,False,-0.4192387730823065,111.27350931214553,,,,False,0.1610205386566288,0.4256806246561946,False,0.7249945591419934,116.4796840759021,,,,False,0.13275155528001115,0.4976097479332984,False,0.5509689145418875,96.51507649044846,,,,False,0.0028618846473742465,0.07804040492935416,False,0.03520212048533191,134.81805653352896,,,,False,1.0,,,,,,,,,,,,,
sub-015,ses-02,full,sub-015_ses-02_full,6,12,18,declared_unverified,-0.04237058268047922,0.06048268346167429,False,-0.1858211983231577,51.22996454895834,,,,False,0.09492283874279206,0.007837816422258115,False,0.42738983611022674,85.55483739539547,,,,False,0.12388055391256758,0.06422885474433215,False,0.5141509203269747,90.91585396854045,,,,False,0.054586397438777245,-0.021679401970584378,False,0.6714306047460933,136.15377454590728,,,,False,7.0,,,,,,,,,,,,,
sub-015,ses-02,mentalarithmetic,sub-015_ses-02_mentalarithmetic,3,12,18,declared_unverified,-0.04356197575972387,0.04471559039127637,False,-0.19104619348852167,89.41561356550602,,,,False,0.12523847423847156,0.12444974450393431,False,0.5638859065784072,104.39401687642263,,,,False,0.11590791656895405,0.124393883601428,False,0.4810614749040459,92.89605199343933,,,,False,-0.017092952715099585,-0.026639674795576607,False,-0.21024892861390443,110.54934242721995,,,,False,2.0,,,,,,,,,,,,,
sub-015,ses-02,motorimagery,sub-015_ses-02_motorimagery,1,12,18,declared_unverified,-0.01666057225238393,-0.033463492229074965,False,-0.07306690880401463,70.78565103501168,,,,False,0.23076663651340112,-0.006754072453268423,False,1.039026184482499,181.90079317613151,,,,False,0.19470208319072313,0.029355495821290045,False,0.8080869200241274,144.81964090427243,,,,False,0.0046300508084187175,-0.015134070515163911,False,0.05695114461049429,104.9089340874231,,,,False,1.0,,,,,,,,,,,,,
sub-015,ses-02,nback,sub-015_ses-02_nback,4,12,18,declared_unverified,0.3602726969118122,0.5199197462976142,False,1.5800184946267457,288.06651334166804,80.0,140.0,,True,-0.40992888243257575,-0.47264755731271113,False,-1.845703733686648,315.43856918176954,40.0,40.0,,True,-0.6164942962893407,-0.6934512736045184,False,-2.5586833429660585,397.4715285041827,40.0,40.0,40.0,True,-0.11683362227106686,-0.05834193259090992,False,-1.4370919008553686,256.8336784838847,,,,False,3.0,,,,,,,,,,,,,
sub-015,ses-02,nbackarithmetic,sub-015_ses-02_nbackarithmetic,5,12,18,declared_unverified,0.49829321700935547,-0.11347077456974297,False,2.18532379880721,409.5823603236174,30.0,60.0,,True,-0.474460360661219,-0.1812250191082445,False,-2.136256547628749,355.84682568003643,30.0,50.0,,True,-0.6356642990703107,-0.11977518331128967,False,-2.638246069005069,429.63220919760863,30.0,30.0,50.0,True,-0.047426332287906714,-0.0828717120052791,False,-0.5833594533266873,156.60980137963156,,,,False,6.0,,,,,,,,,,,,,
sub-015,ses-03,full,sub-015_ses-03_full,6,10,18,declared_unverified,0.5487838324003356,0.08833810911931628,False,1.209268733550951,207.46501025894204,,,,False,0.05834925682960934,0.05834925682960934,False,0.1133765543626437,29.60272061177563,,,,False,0.14388255967197106,0.14388255967197106,False,0.3576530153729741,72.04204604461297,,,,False,-0.009962195261950635,-0.004438264028040262,False,-0.6000519299194984,516.4587144828204,80.0,80.0,80.0,True,7.0,,,,,,,,,,,,,
sub-015,ses-03,mentalarithmetic,sub-015_ses-03_mentalarithmetic,3,10,18,declared_unverified,-0.26666680396555,0.09739729672622988,False,-0.5876117503335239,120.79247941855328,,,,False,0.5302242099616095,0.03934230132925487,False,1.030261518851033,191.8095796555972,,,,False,0.7772971413695542,0.09944087671735491,False,1.9321498525284448,342.54517687997304,10.0,110.0,,True,0.023893347968855227,0.02795832673590204,False,1.4391656842652845,524.8302520474415,10.0,,,False,2.0,,,,,,,,,,,,,
sub-015,ses-03,motorimagery,sub-015_ses-03_motorimagery,1,10,18,declared_unverified,-0.262926683811299,0.10784873764665603,False,-0.5793702350132253,127.96881466842537,,,,False,0.5309638830428098,-0.008949246357167207,False,1.0316987536995623,185.02360695564803,,,,False,0.7263449606627885,0.005674552691987245,False,1.8054965520092614,312.53001223883837,10.0,,,False,0.019599603453241077,0.001696121264720185,False,1.180540992073602,913.705973661482,30.0,30.0,30.0,True,1.0,,,,,,,,,,,,,
sub-015,ses-03,nback,sub-015_ses-03_nback,4,10,18,declared_unverified,0.3042056239627222,0.30025840682965144,False,0.6703301517092086,128.5839160573222,,,,False,-0.19045093846644745,-0.040856773934640156,False,-0.3700590607608309,72.69092244145452,,,,False,-0.11624113677179904,-0.009193596038657992,False,-0.28894393574591803,64.26907123605837,,,,False,-0.056502126324120105,-0.02920795656440156,False,-3.4032870320095325,648.2998695502681,10.0,10.0,10.0,True,2.0,,,,,,,,,,,,,
sub-015,ses-03,nbackarithmetic,sub-015_ses-03_nbackarithmetic,5,10,18,declared_unverified,0.39244215399812266,0.09415599448938416,False,0.8647631335668098,157.67995278744397,,,,False,-0.05499750168772355,0.2954175923863317,False,-0.10686386731739157,38.49790446018134,,,,False,-0.0022341417321385393,0.2691111364486689,False,-0.005553470337833906,41.599874752769345,,,,False,0.006924443103440203,0.03478119199559837,False,0.4170793021601006,355.0964948417172,10.0,70.0,,True,6.0,,,,,,,,,,,,,
sub-016,ses-01,activemotor,sub-016_ses-01_activemotor,2,14,18,declared_unverified,0.01125519178035006,0.020227189523394307,False,0.06672606624427992,166.3682665249242,50.0,,,False,-0.08154621668130768,-0.06227863120989552,False,-0.6231333529425579,239.12453400765492,60.0,,,False,-0.16168076344125026,-0.0648183068645144,False,-0.7420660072513954,200.41918797692435,60.0,,,False,-0.16885813604655464,-0.12071795915281758,False,-0.9144812149182718,185.72015190169398,60.0,,,False,1.0,,,,,,,,,,,,,
sub-016,ses-01,full,sub-016_ses-01_full,6,14,18,declared_unverified,-0.22481034922198218,-0.13427191116187864,False,-1.3327813996714748,221.5259854792863,,,,False,-0.10634439096862602,-0.1932984806142305,False,-0.8126279747580749,131.65608519467577,,,,False,-0.0313358979860614,-0.31952894375161467,False,-0.14382233363589414,86.16466931267323,,,,False,0.007745625313529736,-0.1226000520025865,False,0.041947809047622214,31.454270913008564,,,,False,8.0,,,,,,,,,,,,,
sub-016,ses-01,mentalarithmetic,sub-016_ses-01_mentalarithmetic,3,14,18,declared_unverified,-0.16074257429943417,-0.29867496230090373,False,-0.9529575213196984,209.78692390471534,,,,False,-0.05101942671809878,-0.13624623747897258,False,-0.3898636592829634,168.27981459675777,,,,False,-0.29763690658838327,-0.8924851923025205,False,-1.3660637554012656,263.0833611035121,60.0,,,False,-0.4191464343989072,-0.48652215619147976,False,-2.2699619309554433,392.9124185440912,20.0,20.0,,True,3.0,,,,,,,,,,,,,
sub-016,ses-01,motorimagery,sub-016_ses-01_motorimagery,1,14,18,declared_unverified,-0.27378488919507715,-0.06346780325463697,False,-1.6231254881865314,260.7701129515822,50.0,,,False,-0.030083099114510237,0.07895062912584883,False,-0.22987924125761516,153.94793904690115,,,,False,-0.22634007420003388,-0.16769697640945536,False,-1.0388327687705083,213.7618302487742,,,,False,-0.24760668440516342,-0.33088411365084625,False,-1.3409579596110839,263.63767691954115,120.0,140.0,,True,3.0,,,,,,,,,,,,,
sub-016,ses-01,nback,sub-016_ses-01_nback,4,14,18,event_matched,-0.15547791555078372,-0.19464272633740065,False,-0.9217461501345994,235.68927330069494,,,,False,0.15738985272547756,0.25540953308467085,False,1.202690580131393,295.68062361645605,120.0,,,False,-0.06337832279291122,0.13138145563508308,False,-0.2908874125790186,139.62958336036434,,,,False,-0.264991846049763,-0.028308123861313983,False,-1.4351103890677304,246.7454593411031,50.0,,,False,4.0,0.5122326632706944,-1.6189729430215607,False,0.4587487329651321,254.03421196039136,,,,False,0.0939153439153439,1.0142878191545612,14.0,18.0
sub-016,ses-01,nbackarithmetic,sub-016_ses-01_nbackarithmetic,5,14,18,declared_unverified,-0.13175719579558143,-0.23639023276560733,False,-0.7811185758882881,155.49401062372323,,,,False,0.17201508083706685,0.2079408553649974,False,1.314448890959484,254.9458411828602,100.0,,,False,-0.0769646550732026,0.07297355212928824,False,-0.3532445856516836,108.07936129830611,,,,False,-0.06971536780003706,-0.009758810546541152,False,-0.377555951622461,100.44911673809786,,,,False,7.0,,,,,,,,,,,,,
sub-016,ses-01,passivemotor,sub-016_ses-01_passivemotor,0,14,18,declared_unverified,-0.10688872168881369,-0.053335640015359065,False,-0.6336865744594563,100.20744282042318,,,,False,0.24526545862644555,-0.09755797260016941,False,1.8741898007626911,340.3353947960563,20.0,50.0,,True,-0.0182403804009188,-0.09846060276807078,False,-0.0837178521845294,94.04982414301489,,,,False,-0.2641760157404007,-0.16361595192527734,False,-1.4306921151844567,225.87360375194555,,,,False,1.0,,,,,,,,,,,,,
sub-016,ses-02,activemotor,sub-016_ses-02_activemotor,2,14,18,declared_unverified,-0.16174778206074247,-0.08903687261634197,False,-0.7672153691383562,156.9996371065864,,,,False,0.12022251225637537,0.11647424176420329,False,1.552542123617496,338.2030624546678,140.0,,,False,-0.35663375473349235,-0.27844468301416136,False,-1.8715489212574,362.27474160892154,10.0,20.0,20.0,True,-0.2801963275621864,-0.7175554474871269,False,-0.7525882720850259,127.45648607084199,,,,False,1.0,,,,,,,,,,,,,
sub-016,ses-02,full,sub-016_ses-02_full,6,14,18,declared_unverified,-0.21530638321312856,-0.32286215697554366,False,-1.021258926522226,196.30403830085572,,,,False,-0.051823129203955265,-0.09694319400926288,False,-0.6692389766006251,273.90325647742645,50.0,50.0,,True,-0.43893855567332973,-0.5371542810501727,False,-2.3034695102896072,338.9410911184239,10.0,10.0,50.0,True,-0.24426508756816023,-0.258912188088396,False,-0.6560794061186261,127.64197618542921,,,,False,7.0,,,,,,,,,,,,,
sub-016,ses-02,mentalarithmetic,sub-016_ses-02_mentalarithmetic,3,14,18,declared_unverified,-0.25561045396560456,0.044940103657673536,False,-1.212432506315282,238.96822718639416,150.0,,,False,0.009750230295015871,0.36388902216554,False,0.12591354949979985,258.5356055381675,,,,False,-0.1801723529516488,-0.2977413343936217,False,-0.945511658196942,181.70445113592407,,,,False,-0.3090800954071047,0.05930285785889966,False,-0.8301681073485256,149.43420670426966,,,,False,3.0,,,,,,,,,,,,,
sub-016,ses-02,motorimagery,sub-016_ses-02_motorimagery,1,14,18,declared_unverified,-0.1262865317333235,-0.1724785155096087,False,-0.5990126530736535,134.9078952889776,,,,False,0.06937052302393942,0.01928575987472403,False,0.8958443565242664,304.8291759639365,70.0,140.0,,True,-0.433172046642033,-0.4049843737581742,False,-2.273207922277532,382.82068477093446,20.0,50.0,100.0,True,-0.3749845771241107,-1.0346492663378073,False,-1.00718306129025,169.3553662480851,,,,False,1.0,,,,,,,,,,,,,
sub-016,ses-02,nback,sub-016_ses-02_nback,4,14,18,declared_unverified,-0.2557327882778022,-0.19965294416789137,False,-1.2130127724759392,227.54554718854013,,,,False,-0.13897854584596336,-0.022568679399139313,False,-1.7947557629209447,618.906909125707,10.0,20.0,20.0,True,-0.5425208487809428,-0.6512412020350331,False,-2.847050498779576,463.9963195492918,20.0,20.0,20.0,True,-0.4034962391593253,-0.31433695584501153,False,-1.083763445665888,195.19803411086735,,,,False,4.0,,,,,,,,,,,,,
sub-016,ses-02,nbackarithmetic,sub-016_ses-02_nbackarithmetic,5,14,18,declared_unverified,-0.18259724720897985,-0.4552945160730415,False,-0.8661102652305642,171.00317921837683,,,,False,0.02170367147617691,-0.09778520673265945,False,0.2802791554718444,267.65027905372386,10.0,20.0,20.0,True,-0.42671216910920484,-0.7222410334030194,False,-2.2393076627884825,409.40629230931086,20.0,20.0,30.0,True,-0.37475488391011313,-0.4508222640341235,False,-1.0065661209451138,167.62365198297755,,,,False,7.0,,,,,,,,,,,,,
sub-016,ses-02,passivemotor,sub-016_ses-02_passivemotor,0,14,18,declared_unverified,-0.0976245052314284,-0.1529260503873462,False,-0.46306057408535095,82.85352909193219,,,,False,0.06502886092372706,-0.04565054099718435,False,0.8397765438444008,272.0129672544562,140.0,140.0,140.0,True,-0.4884640498044567,-0.12173052920345129,False,-2.5633702737075734,453.3614626418223,10.0,60.0,70.0,True,-0.3052620876513412,-0.05414226451567017,False,-0.81991319828274,145.92161364665827,,,,False,1.0,,,,,,,,,,,,,
sub-016,ses-03,activemotor,sub-016_ses-03_activemotor,2,12,17,declared_unverified,0.23813361488056994,0.018638629261306994,False,0.9974250424136683,185.71938386590654,,,,False,0.08688781528317369,0.11232044346467718,False,0.6424172482201919,165.88734006102524,,,,False,-0.20012391300041232,-0.03339199166769846,False,-0.41792202259622135,72.29698196097243,,,,False,-0.10043269882833483,-0.054521141868850265,False,-0.8714406961216988,304.8616463037033,30.0,140.0,,True,1.0,,,,,,,,,,,,,
sub-016,ses-03,full,sub-016_ses-03_full,6,12,17,declared_unverified,0.02031392031270496,0.26387016476432024,False,0.0850850596613558,51.53162840574004,,,,False,0.24255516625734164,0.16823037572631083,False,1.7933656398287676,276.3413742843137,70.0,90.0,,True,-0.24729685388765366,-0.45598444799395077,False,-0.5164340423335492,117.14204173990913,,,,False,-0.32497696119750685,-0.4168420792254661,False,-2.8197803364174026,476.8291371665501,20.0,20.0,20.0,True,7.0,,,,,,,,,,,,,
sub-016,ses-03,mentalarithmetic,sub-016_ses-03_mentalarithmetic,3,12,18,declared_unverified,-0.044088345994905076,-0.12203806132186878,False,-0.18466448088805637,71.64394755924674,,,,False,0.1395992727552272,-0.21825804365993973,False,1.0321468017658901,278.7755114369526,130.0,,,False,0.15659888218468976,-0.4595489375933639,False,0.32702799279563394,161.5213303104574,,,,False,-0.1020357911280172,-0.2741282679346211,False,-0.8853505072278443,306.7990604764516,20.0,40.0,,True,4.0,,,,,,,,,,,,,
sub-016,ses-03,motorimagery,sub-016_ses-03_motorimagery,1,12,18,declared_unverified,0.007839062879864578,-0.07409314393848554,False,0.03283399376166861,47.40112771959197,,,,False,0.1715771022319067,0.08954521700187512,False,1.2685793688584268,260.86891555106195,50.0,,,False,-0.41942605770301533,-0.15278173747615809,False,-0.8758942583960093,151.06990912333725,,,,False,-0.2789448259529901,-0.3444525937377909,False,-2.4203658384557833,439.5041185289153,10.0,30.0,90.0,True,3.0,,,,,,,,,,,,,
sub-016,ses-03,nback,sub-016_ses-03_nback,4,12,17,event_matched,-0.09639050756872569,-0.13191491401514677,False,-0.4037326109891249,88.32810473489107,,,,False,0.3709165345314217,0.29373262512146103,False,2.742423418709097,456.0873171015086,80.0,80.0,100.0,True,-0.2439557423197034,-0.5177111011226836,False,-0.5094567447019837,109.77757419417588,,,,False,-0.25540712811135513,-0.2440861561459472,False,-2.216132475900463,400.6769826463827,30.0,30.0,40.0,True,4.0,2.0945581197760745,-2.7058876237423064,False,1.0352127496015968,329.7513839255446,10.0,10.0,10.0,True,0.017195767195767195,0.7378460814495786,16.0,18.0
sub-016,ses-03,nbackarithmetic,sub-016_ses-03_nbackarithmetic,5,12,18,declared_unverified,-0.018286195650720982,0.04176267821075008,False,-0.07659191450838382,56.824785367270785,,,,False,0.09079952174673289,0.14787364292371863,False,0.6713389985712048,138.25725776085974,,,,False,-0.48087890864780036,0.012030392346738528,False,-1.0042272465736677,176.02953292411073,,,,False,-0.42550714926637845,-0.3715431569094123,False,-3.6920669332530007,625.5052775900057,20.0,20.0,20.0,True,6.0,,,,,,,,,,,,,
sub-017,ses-01,activemotor,sub-017_ses-01_activemotor,2,5,13,declared_unverified,-0.055004567227162404,,False,-0.6666275866606273,190.04332936670497,,,,False,-0.05739989930553713,,False,-0.43136121757581,96.74627992684087,,,,False,-0.17771440406990524,,False,-0.7963158102665299,110.21027636685808,,,,False,-0.03773425322966384,,False,-1.6409366171825923,481.3278359925139,30.0,30.0,,True,1.0,,,,,,,,,,,,,
sub-017,ses-01,full,sub-017_ses-01_full,6,5,11,declared_unverified,-0.09155684390195895,,False,-1.1096227271557668,330.06943823234326,30.0,30.0,30.0,True,-0.10775011190362405,,False,-0.8097439198851241,88.61697618431036,,,,False,-0.2302538688198691,,False,-1.031738519316495,99.43965601901381,,,,False,-0.1190969240005948,,False,-5.17912736730021,569.2328611269793,150.0,150.0,150.0,True,7.0,,,,,,,,,,,,,
sub-017,ses-01,mentalarithmetic,sub-017_ses-01_mentalarithmetic,3,5,17,declared_unverified,-0.20680764235916205,,False,-2.506404222025809,450.4345670160672,20.0,20.0,20.0,True,-0.06797548547745691,,False,-0.5108369271657247,115.27630430184831,,,,False,-0.1800449171709373,,False,-0.8067585452721577,140.09220537683294,,,,False,-0.07575730858051988,,False,-3.2944322738378866,687.1274682573155,80.0,80.0,80.0,True,2.0,,,,,,,,,,,,,
sub-017,ses-01,motorimagery,sub-017_ses-01_motorimagery,1,5,18,declared_unverified,-0.3273717166065575,,False,-3.9675799371548788,621.7013708027297,10.0,10.0,30.0,True,-0.16664470350163874,,False,-1.2523377754095186,222.044681746452,10.0,,,False,-0.23385934872608705,,False,-1.0478942196264727,202.42270705730502,,,,False,-0.1739856700118565,,False,-7.566055568924426,1283.0136841168653,10.0,10.0,10.0,True,2.0,,,,,,,,,,,,,
sub-017,ses-01,nback,sub-017_ses-01_nback,4,5,16,event_matched,-0.149248269091653,-0.19644178192769868,False,-1.8088136759071296,327.383440930347,110.0,,,False,-0.05387269778235415,-0.1642235942121617,False,-0.40485423825905864,107.72994799943454,,,,False,-0.22304094224848625,-0.3490224203263237,False,-0.9994183058979791,154.626432898694,,,,False,-0.0448253946036925,-0.058305634832933384,False,-1.9493066667352008,420.5861591572951,40.0,40.0,40.0,True,5.0,-2.1437052580532736,1.0695288445718347,False,-0.5073608683049333,117.12577554204353,,,,False,0.2777777777777778,0.9851816091298282,17.0,18.0
sub-017,ses-01,nbackarithmetic,sub-017_ses-01_nbackarithmetic,5,5,15,declared_unverified,-0.09896895608899792,-0.038613906033422296,False,-1.1994537849822446,247.31198345305654,40.0,50.0,,True,0.0005400724989281791,0.08372233780743221,False,0.004058653996530555,66.24480677664589,,,,False,-0.07477614674617561,0.07575046822950982,False,-0.3350624739532489,68.44388105031051,,,,False,-0.1531195100626448,-0.10011048429057046,False,-6.658655978630337,993.2219453212103,20.0,20.0,20.0,True,7.0,,,,,,,,,,,,,
sub-017,ses-01,passivemotor,sub-017_ses-01_passivemotor,0,5,8,declared_unverified,-0.08101101240029696,-0.10883769784364739,False,-0.9818125732416584,133.55837277032452,110.0,110.0,,True,-0.06580536293080974,-0.07420408952135038,False,-0.4945284193924343,45.2489371964537,,,,False,-0.11148528544904779,0.016290856537032994,False,-0.49955149038022034,45.63784839125369,,,,False,-0.16030291485273418,-0.16513083899150427,False,-6.971038255930479,598.0288631062901,90.0,90.0,90.0,True,1.0,,,,,,,,,,,,,
sub-017,ses-02,activemotor,sub-017_ses-02_activemotor,2,2,16,declared_unverified,-0.1434530888270471,-0.1434530888270471,True,,,,,,False,0.07124982940627989,0.07124982940627989,True,,,,,,False,-0.05492772742181207,-0.05492772742181207,True,,,,,,False,-0.041713973517188974,-0.041713973517188974,True,,,,,,False,1.0,,,,,,,,,,,,,
sub-017,ses-02,full,sub-017_ses-02_full,6,2,17,declared_unverified,-0.2640572611797751,,True,,,,,,False,0.018765686742700183,,True,,,,,,False,-0.07085592478407787,,True,,,,,,False,-0.10642142257484122,,True,,,,,,False,6.0,,,,,,,,,,,,,
sub-017,ses-02,mentalarithmetic,sub-017_ses-02_mentalarithmetic,3,2,17,declared_unverified,-0.3028415034552372,,True,,,,,,False,-0.005802136115410583,,True,,,,,,False,-0.10522774966429393,,True,,,,,,False,0.02062206089373597,,True,,,,,,False,1.0,,,,,,,,,,,,,
sub-017,ses-02,motorimagery,sub-017_ses-02_motorimagery,1,2,18,declared_unverified,-0.33893209248821154,,True,,,,,,False,0.026216439203999742,,True,,,,,,False,-0.09485219025804215,,True,,,,,,False,-0.08834006764110902,,True,,,,,,False,2.0,,,,,,,,,,,,,
sub-017,ses-02,nback,sub-017_ses-02_nback,4,2,14,declared_unverified,-0.09873460847153392,,True,,,,,,False,0.03361436059628309,,True,,,,,,False,-0.07500825559696622,,True,,,,,,False,0.03024323392356809,,True,,,,,,False,5.0,,,,,,,,,,,,,
sub-017,ses-02,nbackarithmetic,sub-017_ses-02_nbackarithmetic,5,2,14,declared_unverified,-0.22647599963804899,,True,,,,,,False,0.09580510860006597,,True,,,,,,False,0.060176662309684215,,True,,,,,,False,0.03323519230562444,,True,,,,,,False,5.0,,,,,,,,,,,,,
sub-017,ses-03,activemotor,sub-017_ses-03_activemotor,2,2,17,declared_unverified,-0.026628132225043677,-0.11324104658580292,True,,,,,,False,-0.09316810150617205,-0.1781452364678029,True,,,,,,False,-0.16890671974945692,-0.20688909204462314,True,,,,,,False,-0.08354932652683078,-0.16455626039410864,True,,,,,,False,1.0,,,,,,,,,,,,,
sub-017,ses-03,full,sub-017_ses-03_full,6,2,15,declared_unverified,-0.03445376987983151,,True,,,,,,False,-0.10811562917534712,,True,,,,,,False,-0.19430372143309826,,True,,,,,,False,-0.1333283559820313,,True,,,,,,False,6.0,,,,,,,,,,,,,
sub-017,ses-03,mentalarithmetic,sub-017_ses-03_mentalarithmetic,3,2,14,declared_unverified,-0.14072254876843004,,True,,,,,,False,-0.08095987815503336,,True,,,,,,False,-0.17304196720920606,,True,,,,,,False,-0.10779053323778931,,True,,,,,,False,2.0,,,,,,,,,,,,,
sub-017,ses-03,nback,sub-017_ses-03_nback,4,2,17,declared_unverified,-0.04872970650727182,0.03788320785348742,True,,,,,,False,-0.017509839559894824,0.06746729540173602,True,,,,,,False,-0.09150238645423547,-0.05352001415906904,True,,,,,,False,-0.048658029089258426,0.03234890477801966,True,,,,,,False,5.0,,,,,,,,,,,,,
sub-017,ses-03,nbackarithmetic,sub-017_ses-03_nbackarithmetic,5,2,12,declared_unverified,0.027003016058586127,,True,,,,,,False,-0.0025606881511722746,,True,,,,,,False,-0.04663008412723291,,True,,,,,,False,-0.06842233811539589,,True,,,,,,False,3.0,,,,,,,,,,,,,
sub-018,ses-01,activemotor,sub-018_ses-01_activemotor,2,14,18,declared_unverified,0.18828305200886442,0.14603295574798192,False,2.708716815829883,609.9625630567753,10.0,90.0,90.0,True,0.04481241152656823,0.013539176825200117,False,0.4524914958291632,255.07707965892115,120.0,120.0,,True,0.030732797240882515,0.0008536671356199621,False,0.23738786643515283,122.30161073757044,,,,False,-0.012509997869561973,-0.007502551678781666,False,-0.18319709118691252,102.99519057514306,,,,False,2.0,,,,,,,,,,,,,
sub-018,ses-01,full,sub-018_ses-01_full,6,14,18,declared_unverified,0.24343580024828693,0.022088245555129338,False,3.5021667572952584,683.2985889571398,50.0,50.0,50.0,True,0.13868844978397576,0.08874891993637934,False,1.400400959447871,291.39954329926593,110.0,130.0,150.0,True,0.11479148577015819,0.04311959824963407,False,0.8866783481605578,189.1812591348094,140.0,,,False,0.021474493942144623,0.019917635410000356,False,0.314473660661751,111.70211048666003,,,,False,9.0,,,,,,,,,,,,,
sub-018,ses-01,mentalarithmetic,sub-018_ses-01_mentalarithmetic,3,14,18,declared_unverified,0.26491782614259707,0.2952155016573773,False,3.811215947634873,681.6656955756902,70.0,70.0,110.0,True,0.1571782281510431,0.2813523041332182,False,1.587100741625487,396.812332935703,120.0,150.0,150.0,True,0.0038229503301259182,0.12823420603975488,False,0.02952943122108382,133.5226059201422,,,,False,-0.02345185354675644,0.07263439959628248,False,-0.34343022257106737,151.03774486963943,,,,False,6.0,,,,,,,,,,,,,
sub-018,ses-01,motorimagery,sub-018_ses-01_motorimagery,1,14,18,declared_unverified,0.16380985962615813,0.19424222882054343,False,2.356635483831104,494.6946621654445,50.0,50.0,,True,0.07849434869661176,0.13301927317913353,False,0.7925934812681974,217.86171089557925,,,,False,0.02568585036212745,0.07654067204955195,False,0.19840397758934808,107.58209774563693,,,,False,-0.005263916456110018,-0.057782972466564164,False,-0.07708507971504912,138.71099330155596,,,,False,3.0,,,,,,,,,,,,,
sub-018,ses-01,nback,sub-018_ses-01_nback,4,14,18,declared_unverified,0.15392021138692458,0.16935890297994938,False,2.2143589687521312,578.1240363511539,40.0,40.0,50.0,True,0.1847987649791486,0.015515203917971121,False,1.8659979845811387,425.6819691950137,90.0,130.0,130.0,True,0.13803941656467356,0.08610047386840791,False,1.066251220980631,241.8024630876281,130.0,130.0,150.0,True,0.0339275102771347,0.030460087588238927,False,0.4968363111482105,106.39580886090098,,,,False,7.0,,,,,,,,,,,,,
sub-018,ses-01,nbackarithmetic,sub-018_ses-01_nbackarithmetic,5,14,18,declared_unverified,0.10239573223868703,0.16573879623950327,False,1.4731067869618306,354.9014508703492,,,,False,0.017169332381828384,0.029578210296335783,False,0.17336663275163391,164.90093262403286,,,,False,0.039729847821584285,0.04362247446771084,False,0.3068833511715957,91.60635889193587,,,,False,-0.010025189158668457,-0.038418719587032135,False,-0.14680941688529156,98.40780922400079,,,,False,8.0,,,,,,,,,,,,,
sub-018,ses-01,passivemotor,sub-018_ses-01_passivemotor,0,14,18,declared_unverified,0.21236530497796302,-0.25885018116268865,False,3.055173933900157,597.2534309614814,30.0,30.0,30.0,True,0.11497206420798245,0.024742820886232808,False,1.160925724365288,254.75247325748234,130.0,,,False,0.09417659722479166,-0.031141753472634814,False,0.7274437568467176,140.1925619165945,,,,False,0.015100227550635892,0.04793047296337494,False,0.221128555926271,190.75765889443758,,,,False,1.0,,,,,,,,,,,,,
sub-018,ses-02,activemotor,sub-018_ses-02_activemotor,2,14,18,declared_unverified,0.30129997731523406,0.25042023993094986,False,2.694671991235927,461.82408279601066,60.0,60.0,60.0,True,0.009888787729252946,0.04870320930870364,False,0.07042403999730969,257.74170519668183,,,,False,0.039028736496377836,0.05581955216525192,False,0.3363655847971604,164.10155686198692,,,,False,0.02880093658857258,0.03969527156180197,False,0.45168915173766344,152.53733935839062,,,,False,2.0,,,,,,,,,,,,,
sub-018,ses-02,full,sub-018_ses-02_full,6,14,18,declared_unverified,0.3562634035546619,0.1714288201619596,False,3.186236599203987,545.0913280558141,10.0,10.0,10.0,True,-0.02845750559316229,-0.027946771514282487,False,-0.2026631137189894,156.68203064273038,,,,False,0.02775553772596351,-0.012638602852939052,False,0.2392085554555381,121.76504945241606,,,,False,0.04663276870311206,0.10004178261679542,False,0.7313482904943018,153.9639065599031,,,,False,9.0,,,,,,,,,,,,,
sub-018,ses-02,mentalarithmetic,sub-018_ses-02_mentalarithmetic,3,14,18,declared_unverified,0.14573678644363508,0.20291520571136867,False,1.303394842647203,268.58025327623625,,,,False,0.12375087587236167,0.4547016254381775,False,0.8813048546240501,222.07774124152806,120.0,120.0,,True,0.09283724076842859,0.22482283031479144,False,0.8001092421971022,218.94204564803994,110.0,120.0,,True,0.16482182219063324,0.0273593731030517,False,2.584923890380778,446.32646271931463,30.0,40.0,,True,6.0,,,,,,,,,,,,,
sub-018,ses-02,motorimagery,sub-018_ses-02_motorimagery,1,14,18,declared_unverified,0.14397021091575202,0.11589744829334547,False,1.2875954999528991,283.85251481723185,,,,False,-0.06693583949015147,0.0337352746841002,False,-0.4766906082495175,187.04627811158755,,,,False,0.03829267086244359,0.08859221567506936,False,0.33002187066154176,127.66538020254433,,,,False,0.1373337669276954,0.13949825198685217,False,2.153824841693564,379.3042322357164,90.0,90.0,160.0,True,3.0,,,,,,,,,,,,,
sub-018,ses-02,nback,sub-018_ses-02_nback,4,14,18,declared_unverified,0.11899833753892297,0.06947438555560148,False,1.064259911424699,253.97619768326177,,,,False,0.2399854068408599,0.1872659064453599,False,1.7090812699048832,298.5012572755236,90.0,,,False,0.26183758398985235,0.15081137234332964,False,2.256623195290889,358.6886421695862,60.0,90.0,,True,0.07020676425413619,0.016066437149226953,False,1.1010625885263456,180.35005040642133,,,,False,6.0,,,,,,,,,,,,,
sub-018,ses-02,nbackarithmetic,sub-018_ses-02_nbackarithmetic,5,14,18,declared_unverified,0.20484284987780477,0.19450030537465401,False,1.8320090664764799,293.76172522178615,50.0,50.0,50.0,True,0.1361735073542215,0.21757714889580948,False,0.9697739289234569,269.46716041043464,10.0,130.0,,True,0.19743085861681064,0.25977604689895606,False,1.701539741667329,310.28791080056374,80.0,80.0,130.0,True,0.018212888930646987,0.06921285580649172,False,0.2856353065629224,172.40889332081161,,,,False,8.0,,,,,,,,,,,,,
sub-018,ses-02,passivemotor,sub-018_ses-02_passivemotor,0,14,18,declared_unverified,0.23335634234879765,-0.019449008382241395,False,2.0870190741722756,381.66778928634443,30.0,30.0,,True,-0.017185587929693047,-0.06023307439988779,False,-0.12238896868599522,159.06559229162906,,,,False,0.03782543953215056,0.0007398174709105643,False,0.32599508030761537,139.68830275330782,,,,False,0.06934014919010778,0.04542173467070709,False,1.0874713422156497,324.4759655915249,,,,False,1.0,,,,,,,,,,,,,
sub-018,ses-03,full,sub-018_ses-03_full,6,6,18,declared_unverified,0.10283087959357251,0.10283087959357251,False,0.3209957670206556,69.96076915958665,,,,False,-0.10774576701366567,0.026434237475152722,False,-0.5932734503145922,140.648159507466,,,,False,-0.02872419600191034,0.007532177893175507,False,-0.32961803361785824,169.02296248090337,40.0,,,False,-0.0017513811840102478,-0.000764366521872728,False,-0.05108081279470829,162.14097472895705,,,,False,9.0,,,,,,,,,,,,,
sub-018,ses-03,nback,sub-018_ses-03_nback,4,6,18,declared_unverified,0.1620319643405006,-0.0790101498512138,False,0.5057972360142442,113.07045723004109,,,,False,-0.09475271414603725,-0.21909642011033992,False,-0.521730655469388,137.9961927513174,,,,False,0.07321266195893927,-0.03247353961594379,False,0.8401353921004298,186.38205302220544,10.0,,,False,0.01810354415756893,0.037555936109496924,False,0.5280082705445462,200.94506792009076,,,,False,8.0,,,,,,,,,,,,,
sub-018,ses-03,nbackarithmetic,sub-018_ses-03_nbackarithmetic,5,6,18,declared_unverified,0.07544922803511589,0.36860892017627445,False,0.23552149821114823,74.85313061255553,,,,False,0.2766585600149718,0.2766585600149718,False,1.5233468841363518,262.7204387610541,80.0,,,False,0.23046309677743082,0.24583824331035908,False,2.644627295267264,464.0094229973906,80.0,80.0,80.0,True,0.13652371337469343,0.12582157387878085,False,3.9818528990718702,756.5675332757099,50.0,70.0,70.0,True,8.0,,,,,,,,,,,,,
sub-019,ses-01,activemotor,sub-019_ses-01_activemotor,2,9,17,declared_unverified,-0.2705002184422507,-0.04732288075267044,False,-1.0086993329557812,204.11420775762144,,,,False,-0.03605905772561535,0.04508454712548993,False,-0.2865258134497765,82.03802086452737,,,,False,0.07271818128510243,0.08793500607267613,False,0.3653327647560298,82.55726315772321,,,,False,-0.26570272777058346,-0.14614889226577188,False,-3.698867286970273,530.5468117084288,70.0,70.0,70.0,True,2.0,,,,,,,,,,,,,
sub-019,ses-01,full,sub-019_ses-01_full,6,9,18,declared_unverified,-0.06810700627570188,-0.16035073752476592,False,-0.2539720381578265,93.34267698487052,,,,False,-0.13366022022483603,-0.29098387354509214,False,-1.062066114350853,202.7257750800862,,,,False,0.10721767143504501,-0.14412385207807465,False,0.538656600644291,135.00210690464678,,,,False,-0.1132951155249502,-0.02574799044788645,False,-1.5771896664553235,323.4763257468557,10.0,,,False,9.0,,,,,,,,,,,,,
sub-019,ses-01,mentalarithmetic,sub-019_ses-01_mentalarithmetic,3,9,16,declared_unverified,-0.32211001617297685,-0.7668186046604919,False,-1.2011530353770248,202.30737119490445,120.0,,,False,-0.10622036551249736,-0.02133621166077515,False,-0.8440286173030193,139.68298043807926,,,,False,-0.1375617517918274,-0.029073259951054475,False,-0.6911038507654041,110.18350380346874,,,,False,-0.2841159308129111,-0.268418843125672,False,-3.9551988457505565,626.8146481061116,80.0,80.0,80.0,True,6.0,,,,,,,,,,,,,
sub-019,ses-01,motorimagery,sub-019_ses-01_motorimagery,1,9,16,declared_unverified,-0.379085182248744,-0.23935500215857908,False,-1.4136142760615333,196.47697440055248,50.0,,,False,-0.13419436771357585,0.053560216196886,False,-1.066310458306758,190.69730189183912,,,,False,0.13491171485124132,0.22251097051129565,False,0.6777901882796202,134.27955945404122,,,,False,-0.3864278672829613,-0.021734079587762856,False,-5.379490865824984,890.2651857407525,10.0,10.0,10.0,True,2.0,,,,,,,,,,,,,
sub-019,ses-01,nback,sub-019_ses-01_nback,4,9,14,event_matched,-0.32936830192922906,-0.5102446957314015,False,-1.228219290786712,166.83300241875597,,,,False,-0.21117088700711073,-0.22443971984050537,False,-1.6779670349966336,232.73166320778802,20.0,20.0,,True,-0.15284631034117285,-0.15284631034117285,False,-0.767892762894753,120.88556216602969,,,,False,-0.3258004360376756,-0.3258004360376756,False,-4.535491920056334,590.0607975877016,40.0,40.0,50.0,True,6.0,0.18131000682679144,3.4859035415667208,False,0.10038717859663497,227.22662794538138,,,,False,0.0939153439153439,0.5018335509389131,14.0,18.0
sub-019,ses-01,nbackarithmetic,sub-019_ses-01_nbackarithmetic,5,9,17,declared_unverified,0.023325915233804784,-0.021020106448492948,False,0.08698268442228697,59.27148524490795,,,,False,-0.08439399630380495,0.006467217544988135,False,-0.6705959602501647,160.43033132892765,,,,False,0.11429101353851712,-0.04252126173783044,False,0.5741927427900259,118.34145465344452,,,,False,-0.18257744546535204,-0.23102850378806827,False,-2.541674095847039,376.43334303784565,20.0,20.0,20.0,True,9.0,,,,,,,,,,,,,
sub-019,ses-01,passivemotor,sub-019_ses-01_passivemotor,0,9,17,declared_unverified,-0.25896534481893063,-0.11787433493165822,False,-0.9656856178594432,167.7791680239977,,,,False,-0.04377829766496577,-0.05189143228326387,False,-0.3478630097699457,99.67278631471133,,,,False,-0.06954199514505321,-0.11751481223549631,False,-0.34937575313366015,94.83495046451822,,,,False,-0.14996582613472287,-0.23839070590565592,False,-2.087685335816904,374.9153812245251,70.0,70.0,100.0,True,1.0,,,,,,,,,,,,,
sub-019,ses-02,activemotor,sub-019_ses-02_activemotor,2,9,16,declared_unverified,-0.13215229770232373,-0.17326775711499676,False,-1.0556736419320718,228.2066427613708,140.0,,,False,0.0543277721847355,-0.024932610564264546,False,0.8573804168708417,268.91616061961975,100.0,100.0,100.0,True,0.17748364052951926,-0.02153402666660631,False,0.756910742913663,136.55992628472916,,,,False,-0.05896814142769791,-0.21813489266905173,False,-0.5394208716848805,175.68003661869716,,,,False,2.0,,,,,,,,,,,,,
sub-019,ses-02,full,sub-019_ses-02_full,6,9,17,declared_unverified,-0.14005772990764176,-0.1982366367613675,False,-1.1188246922909066,246.41275808659287,130.0,140.0,140.0,True,-0.09713405375291695,-0.06280106020732112,False,-1.5329330128952008,300.7376383724536,50.0,,,False,-0.08675468576602696,-0.009000948494047423,False,-0.36998088082086245,67.11458041609123,,,,False,-0.11884621463437528,-0.0727181250111788,False,-1.0871654955095957,193.57574476564207,80.0,,,False,9.0,,,,,,,,,,,,,
sub-019,ses-02,mentalarithmetic,sub-019_ses-02_mentalarithmetic,3,9,16,declared_unverified,-0.3280347104251309,,False,-2.6204432571779743,399.02560303324407,50.0,50.0,70.0,True,0.0017779345666649737,,False,0.028058692978479904,248.40166667716613,,,,False,0.001625501136516161,,False,0.006932240454256732,75.14073663940229,,,,False,-0.3315224843950456,,False,-3.032657010816258,449.73347483328297,50.0,60.0,80.0,True,6.0,,,,,,,,,,,,,
sub-019,ses-02,motorimagery,sub-019_ses-02_motorimagery,1,9,17,declared_unverified,-0.20136528954044142,-0.2479974283730344,False,-1.6085685399636154,283.94214585231555,20.0,,,False,0.044324511793939814,0.09458577682368197,False,0.6995127330136016,382.2899433605938,50.0,,,False,-0.10079144722542355,-0.00027308004571235944,False,-0.4298431617197414,108.44950950480609,,,,False,-0.06162722292969325,-0.0756809214592068,False,-0.5637452615496378,167.3676843094455,60.0,,,False,2.0,,,,,,,,,,,,,
sub-019,ses-02,nback,sub-019_ses-02_nback,4,9,18,declared_unverified,-0.13882646847340574,-0.5733296689353844,False,-1.10898899313887,251.97200677977287,70.0,,,False,-0.10040457837721917,-0.05846875609918334,False,-1.584547199397007,333.98316773285876,40.0,,,False,-0.10907616387421726,-0.15114603586319564,False,-0.4651748182868416,103.30286491234963,,,,False,-0.25241199453653895,-0.25241199453653895,False,-2.3089806600664744,386.0618120526483,100.0,120.0,120.0,True,6.0,,,,,,,,,,,,,
sub-019,ses-02,nbackarithmetic,sub-019_ses-02_nbackarithmetic,5,9,17,declared_unverified,-0.18689772266426297,0.04898640893865758,False,-1.4929971176000483,259.0689462481037,130.0,,,False,-0.10190777508739557,-0.15049244925443195,False,-1.6082700831115733,248.45747332453664,10.0,30.0,,True,-0.11519563253900011,-0.3910381205289635,False,-0.4912723873894277,93.3618553461157,,,,False,-0.2588412350562026,-0.26806644588210027,False,-2.3677932059840185,394.19046225547385,50.0,50.0,,True,8.0,,,,,,,,,,,,,
sub-019,ses-02,passivemotor,sub-019_ses-02_passivemotor,0,9,17,declared_unverified,0.05484977236601196,0.2663637808501276,False,0.4381570351746885,188.00761310004972,,,,False,0.059263074031566054,0.06234720468394139,False,0.9352674898108199,274.48855168865543,,,,False,0.07970882440054627,0.19937424334485165,False,0.3399325442829061,93.99640288257429,,,,False,-0.010680155510603973,0.08705816303107239,False,-0.09769849711685216,82.12339005109706,,,,False,1.0,,,,,,,,,,,,,
sub-019,ses-03,activemotor,sub-019_ses-03_activemotor,2,8,17,declared_unverified,-0.12363320639253805,,False,-0.8791882471120163,252.04314000917657,,,,False,-0.11685818162189543,,False,-2.1715420121280777,473.6403990309753,10.0,10.0,,True,-0.04338875763628547,,False,-0.29611221600588744,137.8033612081326,,,,False,-0.18838940657666992,,False,-1.5209259283595977,292.9522947946679,70.0,130.0,,True,5.0,,,,,,,,,,,,,
sub-019,ses-03,full,sub-019_ses-03_full,6,8,15,declared_unverified,-0.07306362049286452,-0.02985858501462646,False,-0.519574621601468,174.07242686098448,,,,False,-0.17985381307123505,-0.12405989779360072,False,-3.3421717307677037,508.37439431777955,40.0,70.0,70.0,True,-0.02867924397330701,0.034259798270214414,False,-0.19572522812239843,91.56942963079105,,,,False,-0.25931406721866224,-0.12150352185840219,False,-2.093522643274195,269.38167915079026,140.0,140.0,,True,9.0,,,,,,,,,,,,,
sub-019,ses-03,mentalarithmetic,sub-019_ses-03_mentalarithmetic,3,8,18,declared_unverified,-0.43877395209219394,-0.442066643696878,False,-3.120236974147027,588.4190856235995,20.0,20.0,60.0,True,0.022080763913986723,-0.052402668527440355,False,0.4103204913306612,563.1179638302988,160.0,,,False,-0.05141651309280637,-0.6233313453981348,False,-0.3508986765381388,204.06715426109972,,,,False,-0.3508496107780419,-0.533458635454654,False,-2.8325173887631943,493.0392944179439,20.0,20.0,60.0,True,7.0,,,,,,,,,,,,,
sub-019,ses-03,motorimagery,sub-019_ses-03_motorimagery,1,8,15,declared_unverified,-0.25354239831196557,,False,-1.8030066779367098,297.1463934830586,120.0,140.0,,True,-0.08457295498803596,,False,-1.5715949221301782,405.59483271367304,140.0,140.0,140.0,True,-0.1707321771746022,,False,-1.1651839342918178,178.6947944458366,160.0,,,False,-0.10408933132946774,,False,-0.8403453557255688,200.05303974287835,140.0,140.0,,True,4.0,,,,,,,,,,,,,
sub-019,ses-03,nback,sub-019_ses-03_nback,4,8,17,event_matched,-0.21192800337410533,-0.5287777675937975,False,-1.5070757706375788,265.5823975282826,150.0,,,False,-0.22526165987811464,-0.19334340914386494,False,-4.185972700908244,723.9751805183241,30.0,30.0,30.0,True,-0.2532403450712483,-0.11314789245967599,False,-1.7282716502219415,279.45487864580724,80.0,,,False,-0.3327499161139472,-0.27591836146157256,False,-2.6863929574045233,413.1644506501742,40.0,40.0,80.0,True,7.0,,,False,,,,,,False,0.015873015873015872,0.9706139987549529,17.0,18.0
sub-019,ses-03,nbackarithmetic,sub-019_ses-03_nbackarithmetic,5,8,17,declared_unverified,-0.22778498534004887,-0.12530187976400353,False,-1.6198389399018371,270.9050034707375,60.0,60.0,,True,-0.2743668639588861,-0.2644202221133408,False,-5.098480598904995,860.6883072643122,10.0,10.0,10.0,True,-0.2636563156807286,-0.307326439398859,False,-1.7993567954773115,294.2825307341494,10.0,50.0,,True,-0.40240255832887406,-0.41198287693457514,False,-3.248720274255659,510.04568957437954,40.0,40.0,40.0,True,8.0,,,,,,,,,,,,,
sub-019,ses-03,passivemotor,sub-019_ses-03_passivemotor,0,8,18,declared_unverified,-0.2477807417038378,-0.3329486467881062,False,-1.7620340224376847,379.4133395409982,90.0,100.0,100.0,True,-0.1203413234617039,-0.1588995293788269,False,-2.236268236123404,447.6447829920908,10.0,60.0,130.0,True,-0.06110757179668003,-0.19556755740544762,False,-0.41703656627221425,162.88376660153727,,,,False,-0.24056500586572804,-0.3241107667406786,False,-1.9421556738555763,339.82607460896884,90.0,100.0,,True,2.0,,,,,,,,,,,,,
sub-020,ses-01,activemotor,sub-020_ses-01_activemotor,2,12,18,declared_unverified,-0.05190079866298425,-0.05677972158412348,False,-0.6941801949314865,346.22231448097153,100.0,100.0,,True,-0.06912472192163355,0.06594209464139267,False,-0.5875289974043585,147.88209138724636,,,,False,-0.41471567036980583,-0.022162963106658884,False,-1.3166633787450803,222.0581929093904,60.0,,,False,-0.3151984005358184,-0.16878024467032038,False,-1.0117270566973455,162.95639834861007,,,,False,1.0,,,,,,,,,,,,,
sub-020,ses-01,full,sub-020_ses-01_full,6,12,18,declared_unverified,-0.10564121853196862,-0.07953467982920315,False,-1.412965572062069,306.933792935009,,,,False,-0.037326394900177196,-0.11689229586835181,False,-0.31725754205973644,139.96392254717514,10.0,10.0,,True,-0.4877875742911669,-0.7286932398927987,False,-1.548656300118519,284.22664004055457,10.0,,,False,-0.4561864378871563,-0.6920594652857337,False,-1.4642719040586352,255.21606270819916,20.0,,,False,8.0,,,,,,,,,,,,,
sub-020,ses-01,mentalarithmetic,sub-020_ses-01_mentalarithmetic,3,12,18,declared_unverified,-0.31261259283686615,-0.3020573747244115,False,-4.181235669275061,746.8622827146588,20.0,20.0,20.0,True,-0.1119435257230188,-0.07616542475519172,False,-0.9514695409338161,255.2345153299113,10.0,10.0,,True,-0.616845910230068,-0.6866333039616052,False,-1.9583981950920224,316.0554170458297,20.0,20.0,,True,-0.487777551883412,-0.7902444412953933,False,-1.565673385560094,281.65935742748627,40.0,,,False,7.0,,,,,,,,,,,,,
sub-020,ses-01,motorimagery,sub-020_ses-01_motorimagery,1,12,18,declared_unverified,-0.32654161149279615,-0.4326257776821303,False,-4.367538175881264,816.376888913299,10.0,10.0,10.0,True,-0.15574530349925686,-0.2004383906061047,False,-1.3237649204447417,233.28839820933405,,,,False,-0.5327788254289852,-0.7192878327062265,False,-1.6914971353448922,303.1803037348414,120.0,,,False,-0.25950241962245946,-0.336893121106823,False,-0.8329535263001291,147.22787409000134,,,,False,1.0,,,,,,,,,,,,,
sub-020,ses-01,nbackarithmetic,sub-020_ses-01_nbackarithmetic,5,12,18,declared_unverified,-0.15836720953702366,-0.2548722005217421,False,-2.1181828260683933,404.5868868193896,50.0,50.0,,True,-0.10694399324902815,-0.10949122777641662,False,-0.9089757670671462,269.3360961038088,10.0,,,False,-0.5444059195879073,-0.4956479112518196,False,-1.7284115086711336,296.5141370425511,10.0,,,False,-0.5835454825859407,-0.407408371167731,False,-1.873070271112038,299.6663748589826,50.0,60.0,,True,9.0,,,,,,,,,,,,,
sub-020,ses-01,passivemotor,sub-020_ses-01_passivemotor,0,12,18,declared_unverified,-0.08207752422965475,-0.09101772605319547,False,-1.0977979768521626,393.0837778103679,40.0,100.0,,True,-0.12085375203802617,-0.1098103608725105,False,-1.0272024507809925,213.48463394906446,,,,False,-0.4514091959598201,-0.5319602868852322,False,-1.4331601133351577,255.76828991648622,40.0,,,False,-0.18333430744469914,-0.36600262507930714,False,-0.5884683391392838,129.6171899276899,,,,False,1.0,,,,,,,,,,,,,
sub-020,ses-02,activemotor,sub-020_ses-02_activemotor,2,11,18,declared_unverified,-0.09004721013056649,0.10844613646347723,False,-0.48096736400946355,128.55162940846415,,,,False,-0.2445963399423846,-0.2764416957953847,False,-2.5902987527362122,392.9669000833746,10.0,10.0,,True,-0.4885014902816801,-0.2833420579353957,False,-5.266888018191823,952.6666899986019,10.0,10.0,20.0,True,-0.49930667717509203,-0.489357741514304,False,-2.2497424150795853,363.007557838994,50.0,90.0,150.0,True,1.0,,,,,,,,,,,,,
sub-020,ses-02,full,sub-020_ses-02_full,6,11,18,declared_unverified,-0.18202662435877404,-0.1254980910208474,False,-0.9722551711534023,159.1451544205031,,,,False,-0.1423363468725678,-0.003537206715583885,False,-1.5073555959990574,310.4583128606451,10.0,,,False,-0.46988576225005785,-0.2997331028429502,False,-5.066178385017249,980.9367726834502,10.0,10.0,10.0,True,-0.8084224130348265,-0.557002833390142,False,-3.6425352895243925,606.2510917107745,10.0,10.0,10.0,True,7.0,,,,,,,,,,,,,
sub-020,ses-02,mentalarithmetic,sub-020_ses-02_mentalarithmetic,3,11,18,declared_unverified,-0.2092574448380624,-0.24787544789996385,False,-1.117702608411565,233.83467717279672,,,,False,-0.04416116017235483,-0.0888995569584976,False,-0.46767093138343707,164.12833553021375,,,,False,-0.49950702366321376,-0.5620657376604512,False,-5.385546636546469,974.354678928379,10.0,10.0,10.0,True,-0.874917488076502,-0.9026030142748656,False,-3.9421443225169517,643.4118794769524,10.0,10.0,20.0,True,2.0,,,,,,,,,,,,,
sub-020,ses-02,motorimagery,sub-020_ses-02_motorimagery,1,11,16,declared_unverified,-0.12806560230967867,0.09063271394089711,False,-0.6840342424141558,146.2548098920938,,,,False,-0.2099198027324689,-0.13476666526665215,False,-2.2230708902701855,374.2127843665838,20.0,100.0,100.0,True,-0.4573693539052084,-0.46191268536247776,False,-4.931229930501232,709.3017595328452,20.0,20.0,20.0,True,-0.39281238414547737,-0.30319086207963664,False,-1.7699075982328976,249.3480471986622,70.0,70.0,90.0,True,1.0,,,,,,,,,,,,,
sub-020,ses-02,nback,sub-020_ses-02_nback,4,11,18,declared_unverified,-0.22854061840740103,-0.2571981384070754,False,-1.2206994380516378,196.65464842839896,,,,False,-0.05391211888300651,-0.001794664200645002,False,-0.5709345214769488,211.5133778451332,10.0,10.0,,True,-0.4946440030343344,-0.3159627799339313,False,-5.333114892545657,996.5006490637761,10.0,10.0,10.0,True,-0.7793156100071439,-0.9624267568163225,False,-3.5113878157729417,578.6707594535418,10.0,10.0,20.0,True,5.0,,,,,,,,,,,,,
sub-020,ses-02,nbackarithmetic,sub-020_ses-02_nbackarithmetic,5,11,18,declared_unverified,-0.052079814658946955,-0.2154009356510287,False,-0.2781728732994059,80.31016565044973,,,,False,-0.20208591140176835,-0.353544418295638,False,-2.140109228015695,404.7871971794953,10.0,10.0,10.0,True,-0.5098724564431476,-0.7927811541559409,False,-5.497303867175441,1034.818117207231,10.0,10.0,10.0,True,-0.8128403061340739,-1.002049026562403,False,-3.662441134859561,594.6844478240803,10.0,10.0,20.0,True,9.0,,,,,,,,,,,,,
sub-020,ses-03,full,sub-020_ses-03_full,6,8,18,declared_unverified,-0.10279233287929146,-0.07355480143149618,False,-0.742128132207456,151.2950219315147,,,,False,-0.19299762498969408,-0.006028596907283967,False,-1.0389799929904449,199.09792873597084,10.0,,,False,-0.49038050590492444,-0.2396862828013402,False,-5.3948584000301665,1023.9638546034968,10.0,10.0,10.0,True,-0.6153969409493453,-0.5908281510276293,False,-6.407539215156817,1087.7002790522772,10.0,10.0,10.0,True,9.0,,,,,,,,,,,,,
sub-020,ses-03,mentalarithmetic,sub-020_ses-03_mentalarithmetic,3,8,18,declared_unverified,-0.19908289400412538,-0.19908289400412538,False,-1.4373155287294903,290.13912147311436,20.0,,,False,-0.009367803528812946,-0.08837214331418353,False,-0.05043046744861068,87.52219008052518,,,,False,-0.47265452646653816,-0.4212143956069251,False,-5.199848304970473,899.2328888910639,20.0,20.0,20.0,True,-0.7394225874750193,-0.7549952060484648,False,-7.6988995403681955,1231.0872485155103,20.0,20.0,20.0,True,2.0,,,,,,,,,,,,,
sub-020,ses-03,motorimagery,sub-020_ses-03_motorimagery,1,8,18,declared_unverified,-0.24464593840412463,-0.13376389794005128,False,-1.766266298608057,319.6504848086561,30.0,80.0,,True,-0.18078322839389882,-0.2550559497330924,False,-0.973225226888222,207.77381843281125,,,,False,-0.5419902472790683,-0.8397357596797979,False,-5.962636367186281,1075.8719189791432,10.0,10.0,10.0,True,-0.5167776784482416,-0.4088193106479274,False,-5.380711244788859,916.1520528398237,10.0,20.0,20.0,True,1.0,,,,,,,,,,,,,
sub-020,ses-03,nback,sub-020_ses-03_nback,4,8,17,declared_unverified,-0.06759167117704146,-0.033384945588450066,False,-0.48799048799002287,115.71378698063036,,,,False,-0.09173844343807747,-0.1799155538235906,False,-0.49386311010478895,88.01951964522709,,,,False,-0.478218554013232,-0.6902699957992713,False,-5.261060242204578,851.6606416657318,10.0,10.0,20.0,True,-0.6759810261771241,-0.849327727870883,False,-7.038343296360966,951.1019032778518,40.0,40.0,40.0,True,5.0,,,,,,,,,,,,,
sub-021,ses-01,activemotor,sub-021_ses-01_activemotor,2,12,17,declared_unverified,-0.1288429343566624,-0.06367359197421885,False,-0.5168107653499463,129.2853174446153,,,,False,0.052742142772272516,0.0003293802772312837,False,0.4018965277610637,160.57879714141595,,,,False,0.021628098463689627,-0.03185620272799816,False,0.13637602281205263,101.23341219492019,,,,False,0.1662113920154178,0.026484726984874696,False,1.2104625986743578,221.6661939184974,40.0,,,False,1.0,,,,,,,,,,,,,
sub-021,ses-01,full,sub-021_ses-01_full,6,12,18,declared_unverified,0.40827754008536,0.4167341433003986,False,1.6376701525798298,291.3834359769623,30.0,,,False,-0.1461475784342774,-0.11096824828239915,False,-1.1136484265918467,219.3317040378389,,,,False,-0.08134850374753577,-0.12222895258319078,False,-0.51294317072883,136.88693637780176,,,,False,0.1876643752114182,0.12346510262333532,False,1.3666975803676649,228.86995267886672,,,,False,9.0,,,,,,,,,,,,,
sub-021,ses-01,mentalarithmetic,sub-021_ses-01_mentalarithmetic,3,12,18,declared_unverified,-0.6292540317983881,-0.5956149847793661,False,-2.524044173606236,434.75845856456885,20.0,20.0,20.0,True,-0.06289975162896977,-0.02229933856652222,False,-0.4792977768435678,192.90843440741628,,,,False,-0.10326762525448352,0.018457126302185656,False,-0.6511542399853413,166.74974080028593,130.0,,,False,-0.1326633590419639,-0.027980003913554263,False,-0.9661433695225243,163.1768232766999,,,,False,3.0,,,,,,,,,,,,,
sub-021,ses-01,motorimagery,sub-021_ses-01_motorimagery,1,12,18,declared_unverified,-0.5551239064245805,-0.7116580137166075,False,-2.226695723563396,363.24378547635723,20.0,20.0,90.0,True,0.02245993474941277,-0.02125965997696455,False,0.17114529890269264,154.8218513485482,,,,False,0.020388743801505016,-0.011821726647558095,False,0.1285612692420115,119.11484436953502,,,,False,-0.06648596388525074,-0.0667267068337064,False,-0.4841952867613605,93.28474203073773,,,,False,1.0,,,,,,,,,,,,,
sub-021,ses-01,nback,sub-021_ses-01_nback,4,12,18,declared_unverified,0.13540332708794067,-0.019140713704048684,False,0.5431256083436851,163.3592082365949,,,,False,-0.09639423902327238,-0.11227095435404211,False,-0.7345266597698752,177.59334490710063,,,,False,-0.06524318993221756,-0.12702855996242346,False,-0.41139107876103576,132.7420381371744,,,,False,-0.08055452119855522,-0.17457363481546873,False,-0.5866519369257606,150.0529409649969,,,,False,8.0,,,,,,,,,,,,,
sub-021,ses-01,nbackarithmetic,sub-021_ses-01_nbackarithmetic,5,12,18,declared_unverified,0.0064422405841173536,0.31418066372923015,False,0.025840914781012633,290.95222796107413,80.0,,,False,-0.19820625210830312,-0.018384254513762688,False,-1.5103369016842236,281.71286438818515,10.0,,,False,-0.12927021972200725,-0.076082734917434,False,-0.8151136570477796,164.0769689126151,,,,False,-0.06361497439656594,0.0642169106968481,False,-0.4632868198079176,123.7917130570756,,,,False,8.0,,,,,,,,,,,,,
sub-021,ses-02,motorimagery,sub-021_ses-02_motorimagery,1,5,18,declared_unverified,-0.477446809730945,-0.4393229729829802,False,-1.572909492653157,276.79401617950697,40.0,,,False,-0.04874983990130455,0.082937637834957,False,-0.22374004777419684,98.86402138315235,,,,False,-0.13975906313760988,0.05301738937404843,False,-0.660983191397993,143.33184440763273,,,,False,-0.10948077166457015,-0.06058976802463201,False,-0.73230410168815,128.11583987820933,,,,False,1.0,,,,,,,,,,,,,
sub-021,ses-02,nback,sub-021_ses-02_nback,4,5,18,declared_unverified,-0.41807957335248414,-0.48865399833129686,False,-1.377328984523075,259.52901226543923,50.0,,,False,-0.26380314950118233,-0.17334582731594916,False,-1.2107389355918405,204.73456467734852,,,,False,-0.2347093756983215,-0.18741247234677605,False,-1.110045736692968,199.15748209456765,,,,False,-0.11344347081645922,-0.17574407610617115,False,-0.7588101337389235,173.528782933931,,,,False,5.0,,,,,,,,,,,,,
sub-021,ses-02,nbackarithmetic,sub-021_ses-02_nbackarithmetic,5,5,18,declared_unverified,-0.3740761060265696,-0.597065803874957,False,-1.2323631578468262,214.65998366698815,,,,False,-0.19693649395543456,-0.19693649395543456,False,-0.9038507747979829,164.35340974625902,,,,False,-0.1880648113667126,-0.1880648113667126,False,-0.8894427052965805,161.02762779658656,,,,False,-0.042377251549342354,-0.042377251549342354,False,-0.2834564888063968,73.19586658028007,,,,False,8.0,,,,,,,,,,,,,
sub-021,ses-03,activemotor,sub-021_ses-03_activemotor,2,9,18,declared_unverified,0.049766986787971534,-0.14276798891248,False,0.3598615918067005,209.1874702445437,,,,False,0.066428728607692,-0.16004162789213816,False,0.4557018115957528,120.17403574125375,,,,False,-0.059151744262535666,-0.24346631284219034,False,-0.5529668510786974,135.11128081534068,,,,False,-0.12640524429223987,-0.4995522294499448,False,-1.0065611059314394,192.49004790036722,,,,False,1.0,,,,,,,,,,,,,
sub-021,ses-03,mentalarithmetic,sub-021_ses-03_mentalarithmetic,3,9,18,declared_unverified,-0.6313297190982826,-0.4730029426300474,False,-4.565100930010418,792.81002302297,20.0,20.0,20.0,True,-0.053574335565831244,0.02241394695233412,False,-0.3675205334211554,168.67865736631165,,,,False,-0.13351918632691862,0.005469741209978118,False,-1.2481742498428408,291.59164721496535,20.0,20.0,,True,-0.049202538573239085,0.0478372093171453,False,-0.3917983143675171,102.81114974151804,,,,False,3.0,,,,,,,,,,,,,
sub-021,ses-03,motorimagery,sub-021_ses-03_motorimagery,1,9,18,declared_unverified,-0.5851762408913055,-0.6027554225490057,False,-4.2313683653739576,744.9344470893301,20.0,20.0,20.0,True,-0.007970353173812339,0.0637958841522871,False,-0.054676710761911204,142.00501535247582,,,,False,-0.14875501439896965,-0.09835542332869107,False,-1.3906029808568567,299.1474757660287,150.0,,,False,-0.27192643217000323,-0.1874785941309498,False,-2.1653418877481814,386.9477853547357,10.0,50.0,150.0,True,1.0,,,,,,,,,,,,,
sub-021,ses-03,nback,sub-021_ses-03_nback,4,9,17,declared_unverified,-0.5831277457627421,-0.5290054357679094,False,-4.216555840739629,698.5143827495193,20.0,20.0,20.0,True,-0.25993852524983374,-0.3201699142730765,False,-1.7831811528327448,289.85449021497544,20.0,20.0,,True,-0.25727970649211584,-0.341124507892238,False,-2.4051217917423795,423.0648993811352,20.0,20.0,20.0,True,-0.22223301492069514,-0.23139467869750485,False,-1.7696347214510733,319.5672374250283,20.0,20.0,,True,3.0,,,,,,,,,,,,,
sub-021,ses-03,nbackarithmetic,sub-021_ses-03_nbackarithmetic,5,9,18,declared_unverified,-0.5114943402891572,-0.7552817651036043,False,-3.698579708688783,660.863188665004,20.0,20.0,20.0,True,-0.23839404239718565,-0.3131627348677466,False,-1.6353857626209787,293.8897967971638,50.0,50.0,,True,-0.2522306823234137,-0.26328210107879624,False,-2.357922118589956,392.1451147783909,50.0,50.0,50.0,True,-0.2015374961764942,-0.06077248399352486,False,-1.604836936741862,295.08856419125715,50.0,50.0,,True,6.0,,,,,,,,,,,,,
sub-022,ses-01,activemotor,sub-022_ses-01_activemotor,2,11,18,declared_unverified,-0.062205130503659056,0.008131801251519022,False,-0.2959451759052667,108.85420037848972,,,,False,-0.020075962041642192,-0.019506384683297462,False,-0.1703813765839224,196.22779140484613,,,,False,-0.12333509688893407,-0.012924803190002776,False,-0.6213246925319087,134.86138526429852,,,,False,-0.0056780303440413515,0.15097118436963353,False,-0.01226706569001931,32.50233843769361,,,,False,2.0,,,,,,,,,,,,,
sub-022,ses-01,full,sub-022_ses-01_full,6,11,18,declared_unverified,0.004583999499126801,0.30954387283341545,False,0.021808692098780117,68.11018878325987,,,,False,0.10504898681281394,0.19504408995367872,False,0.891533414179009,224.06899603353295,150.0,,,False,0.1553740362853322,0.2864363648891213,False,0.7827271211321141,188.80439922462867,150.0,,,False,0.092297796902294,0.2773573476786477,False,0.19940420692408894,63.3196991156872,,,,False,7.0,,,,,,,,,,,,,
sub-022,ses-01,mentalarithmetic,sub-022_ses-01_mentalarithmetic,3,11,17,declared_unverified,-0.13933357234143218,0.10188429899024931,False,-0.662889029284631,139.33769153844804,,,,False,0.0904375751246358,0.05256981816456441,False,0.7675287745954928,222.0806480915556,,,,False,0.10827399696524376,0.041803104101156396,False,0.5454514535648516,139.09309659414686,,,,False,-0.06770810537835259,-0.5056684034451902,False,-0.14627955930080808,54.442063275163875,,,,False,3.0,,,,,,,,,,,,,
sub-022,ses-01,motorimagery,sub-022_ses-01_motorimagery,1,11,17,declared_unverified,-0.14729725585309517,-0.15553168120489524,False,-0.7007767999336186,133.38886667989425,,,,False,0.128377591592717,-0.10958812517791028,False,1.0895194328782656,259.0746912932641,50.0,60.0,,True,-0.07624368128860026,-0.23822732652307388,False,-0.38409246864094154,125.94812413373012,,,,False,-0.13676401638614344,-0.7841223056609896,False,-0.2954709769736038,54.78535064748976,,,,False,1.0,,,,,,,,,,,,,
sub-022,ses-01,nback,sub-022_ses-01_nback,4,11,18,declared_unverified,-0.09551948370183583,-0.2952842001356628,False,-0.454440496750622,141.34285825258723,,,,False,-0.17201252668368627,-0.2514874737476389,False,-1.4598419256449067,285.61065989852654,30.0,,,False,-0.20803537185444143,-0.28304482123675445,False,-1.0480189071373682,198.98151787556498,,,,False,-0.25829804028420145,-0.6735122277804739,False,-0.5580384104665179,91.20634124739979,,,,False,5.0,,,,,,,,,,,,,
sub-022,ses-01,passivemotor,sub-022_ses-01_passivemotor,0,11,17,declared_unverified,-0.13101308638308518,-0.15701310586219464,False,-0.6233037465173927,157.9880839811573,70.0,,,False,0.12022105112286963,0.10230579344704194,False,1.0202962200363377,264.59276792795913,,,,False,0.0643914045000833,0.16941293989828043,False,0.3243843043212595,180.3789232082798,,,,False,-0.06406334251873691,0.020080478099512744,False,-0.13840525382613456,128.75738050669997,100.0,,,False,1.0,,,,,,,,,,,,,
sub-022,ses-02,full,sub-022_ses-02_full,6,6,18,declared_unverified,0.0017153850625470923,,False,0.013675870783139907,203.95482239168598,,,,False,-0.11651581290538959,,False,-0.3338280270043015,69.88474944244199,,,,False,-0.011473249852107736,,False,-0.030484963804557435,43.636001528236655,,,,False,-0.44011012421539,,False,-0.7977800213757511,129.7740572517415,,,,False,6.0,,,,,,,,,,,,,
sub-022,ses-02,mentalarithmetic,sub-022_ses-02_mentalarithmetic,3,6,16,declared_unverified,-0.11927318464995107,-0.006492900711239091,False,-0.9509029178231743,267.3692312977756,120.0,120.0,120.0,True,-0.1800606407450076,0.02464846468204751,False,-0.5158895341514274,118.43066253589305,,,,False,-0.13167144202033199,0.0912825120479187,False,-0.3498572066175563,95.68593198315669,,,,False,-0.5473712861408805,-0.2574562532945418,False,-0.9922104771764619,166.13266968359756,,,,False,5.0,,,,,,,,,,,,,
sub-022,ses-02,motorimagery,sub-022_ses-02_motorimagery,1,6,18,declared_unverified,-0.10870579031920835,0.39556450616559125,False,-0.8666545921631983,270.0335411311237,60.0,60.0,60.0,True,0.12101343117395102,0.40495227776595244,False,0.3467140979621681,100.83528919523546,,,,False,-0.024272506667725846,0.2535525505618287,False,-0.06449319039936799,85.75453647041786,,,,False,-0.5415007336238443,0.03286309484340022,False,-0.9815690280144413,168.9586995147985,,,,False,2.0,,,,,,,,,,,,,
sub-022,ses-02,nback,sub-022_ses-02_nback,4,6,18,declared_unverified,-0.12711512231836375,-0.1521861385283283,False,-1.0134225984384444,247.40525345562003,70.0,,,False,-0.17284790548979934,-0.3953618320343153,False,-0.4952244148040158,89.45457247066818,,,,False,-0.09357535967181208,-0.362327015693243,False,-0.24863412628197737,70.28469441780118,,,,False,-0.5511757353650708,-0.8036860781191058,False,-0.999106736581556,167.88385242912543,,,,False,6.0,,,,,,,,,,,,,
sub-022,ses-02,nbackarithmetic,sub-022_ses-02_nbackarithmetic,5,6,17,declared_unverified,-0.09126157777458443,-0.16082514226869948,False,-0.7275809801313493,183.413782472639,,,,False,-0.11830302085027067,-0.3164181581334633,False,-0.3389485345749825,66.69020831178331,,,,False,-0.0436025559749218,-0.3393853153474409,False,-0.1158540394234935,38.34190270159529,,,,False,-0.5259051253967199,-0.9684047151097733,False,-0.9532991383203926,153.8880970891288,,,,False,6.0,,,,,,,,,,,,,
sub-022,ses-03,activemotor,sub-022_ses-03_activemotor,2,8,18,declared_unverified,-0.10553879656242038,-0.20991898930853292,False,-0.6273817019510743,214.4946577934364,40.0,,,False,-0.0611506994290647,-0.02715049344167264,False,-0.43047089594930965,198.85715203332978,160.0,,,False,-0.04623125519828175,-0.08464464552220097,False,-0.485590232859042,208.86916445444194,,,,False,-0.2026449655655307,0.008144864054849155,False,-0.822130614910463,153.96255299422907,,,,False,3.0,,,,,,,,,,,,,
sub-022,ses-03,full,sub-022_ses-03_full,6,8,18,declared_unverified,0.08046972943205999,0.1888620807629744,False,0.478357129804574,138.66353908753476,,,,False,-0.1517024854001574,-0.17698669712337312,False,-1.067911003760397,211.20665973038737,,,,False,-0.039550615302211156,0.02083712443418173,False,-0.4154200964682627,170.60958665953598,,,,False,-0.18053167358128142,-0.1902920330536788,False,-0.7324169904640341,120.46494548458281,,,,False,5.0,,,,,,,,,,,,,
sub-022,ses-03,mentalarithmetic,sub-022_ses-03_mentalarithmetic,3,8,18,declared_unverified,-0.009681882882540904,-0.008177637949362548,False,-0.05755453310808704,153.939684254329,,,,False,0.047076541479725176,0.1786540934548304,False,0.3313957350966982,163.6802395603387,,,,False,0.006510842246780335,0.015293807298237816,False,0.06838666588572435,115.50972447150474,,,,False,-0.16262714713813686,-0.16678844437935303,False,-0.6597783276020989,145.80899504539897,150.0,,,False,7.0,,,,,,,,,,,,,
sub-022,ses-03,motorimagery,sub-022_ses-03_motorimagery,1,8,18,declared_unverified,-0.0022318882430165665,0.18379930798581823,False,-0.013267593435558628,148.22497912896802,,,,False,-0.10438304425465539,-0.041041432901121055,False,-0.7348053742924336,201.3118511609902,,,,False,-0.041515953663075145,0.03576057574136349,False,-0.43606303830935345,233.96860432446542,,,,False,-0.1468183529007504,-0.08003382473640397,False,-0.5956420501914834,163.39183075888207,,,,False,1.0,,,,,,,,,,,,,
sub-022,ses-03,nback,sub-022_ses-03_nback,4,8,18,declared_unverified,0.012451895502342492,,False,0.0740210391555508,155.9959954027981,20.0,20.0,,True,0.14065995331635905,,False,0.9901770003222891,331.02408562144444,20.0,20.0,20.0,True,0.10002211167851716,,False,1.0505827776622731,392.27556770684424,10.0,20.0,20.0,True,-0.21474830133467915,,False,-0.8712338475054028,143.98957585672207,,,,False,7.0,,,,,,,,,,,,,
sub-022,ses-03,nbackarithmetic,sub-022_ses-03_nbackarithmetic,5,8,18,declared_unverified,-0.044125161079827,-0.16848862458498948,False,-0.26230466481351256,181.73811915327857,,,,False,0.03999132645613179,-0.21203381508771946,False,0.28151930052316143,254.67386182322338,140.0,,,False,0.11665508453232531,-0.32449109733364634,False,1.2252872957762226,309.28439133131883,,,,False,-0.1410088805031755,-0.5479891710820408,False,-0.5720730209723535,122.66365969517236,,,,False,7.0,,,,,,,,,,,,,
sub-023,ses-01,activemotor,sub-023_ses-01_activemotor,2,12,18,declared_unverified,-0.025254425762602173,-0.11777690804700258,False,-0.08696561445453749,65.19912614924787,,,,False,0.14080427477682722,0.0385571609798212,False,2.213610060042613,556.0913075856267,90.0,90.0,90.0,True,0.006960228024522674,-0.03904268516538467,False,0.06720290344016192,276.8818891017769,160.0,,,False,-0.011295297883843869,-0.0733167529940435,False,-0.16841601026444872,192.06735436230812,40.0,40.0,,True,1.0,,,,,,,,,,,,,
sub-023,ses-01,full,sub-023_ses-01_full,6,12,18,declared_unverified,0.019172675364015568,0.12171345315329851,False,0.06602262547731727,54.90696310655381,,,,False,-0.11654303490825235,-0.09645093575575836,False,-1.8321946184496238,394.74565935010963,10.0,10.0,10.0,True,-0.17219838708050872,-0.1290291912352054,False,-1.6626224800036873,382.94379394345424,10.0,10.0,10.0,True,-0.12110651510306447,-0.0817699364411969,False,-1.8057315796746676,317.17555448869,10.0,10.0,10.0,True,8.0,,,,,,,,,,,,,
sub-023,ses-01,mentalarithmetic,sub-023_ses-01_mentalarithmetic,3,12,18,declared_unverified,-0.0449376104041973,-0.258263192137138,False,-0.15474621904517094,62.94751138815613,,,,False,-0.07647320757488019,-0.054022725296280605,False,-1.2022494478934762,300.3054277344275,70.0,70.0,70.0,True,-0.15799662679973014,-0.16556385197471402,False,-1.5255006039003622,329.2370844383789,70.0,70.0,,True,-0.13513610791132535,-0.39826546699985776,False,-2.0149166822456865,333.2691701206452,10.0,10.0,,True,3.0,,,,,,,,,,,,,
sub-023,ses-01,motorimagery,sub-023_ses-01_motorimagery,1,12,18,declared_unverified,-0.11490426636132345,-0.2861154784814962,False,-0.3956819379499812,76.98703186984696,,,,False,0.06399981025308388,0.12288256102133199,False,1.0061528603559127,699.4324899884823,50.0,50.0,50.0,True,0.06282645106287399,0.15220538352741775,False,0.6066065521690915,400.6511665409906,50.0,50.0,50.0,True,-0.07576014292031852,-0.06000048154225324,False,-1.1296046495555019,226.14338338676478,20.0,,,False,1.0,,,,,,,,,,,,,
sub-023,ses-01,nback,sub-023_ses-01_nback,4,12,18,declared_unverified,0.00568595838987529,-0.07374514663318077,False,0.019580047861182788,32.75539275377612,,,,False,-0.033145397439889424,-0.13535248067553485,False,-0.5210849268130682,260.0693983246115,20.0,20.0,,True,-0.087769718513659,-0.0846553017195788,False,-0.8474406150864753,214.17566482203765,,,,False,-0.08912733088558067,-0.06008532682979406,False,-1.3289131130166099,272.6735598092697,10.0,10.0,,True,7.0,,,,,,,,,,,,,
sub-023,ses-01,nbackarithmetic,sub-023_ses-01_nbackarithmetic,5,12,18,declared_unverified,0.021335972508670142,0.21720507456241922,False,0.073472110458727,58.38872589409608,,,,False,-0.007796891424953101,-0.1008731134492904,False,-0.12257637293109089,415.9054008321727,10.0,20.0,20.0,True,-0.1357615434018764,-0.1255203285008677,False,-1.3108147980179636,329.96998338690764,20.0,20.0,,True,-0.025284147519521127,-0.01826560096249341,False,-0.3769936208823899,106.41259971417851,,,,False,8.0,,,,,,,,,,,,,
sub-023,ses-02,motorimagery,sub-023_ses-02_motorimagery,1,4,18,declared_unverified,-0.03975659504728424,-0.11271258621857727,False,-0.6167643642185934,297.3809494449396,30.0,40.0,50.0,True,0.28598107250090843,0.3485281567586713,False,2.115047050849772,371.44921845207045,40.0,40.0,70.0,True,0.3339016547200595,0.3759565519747652,False,2.815427192943309,514.3372386676017,30.0,30.0,50.0,True,0.02729071705063668,-0.023395885558946006,False,0.5285051919143988,218.38759036161468,,,,False,1.0,,,,,,,,,,,,,
sub-023,ses-02,nback,sub-023_ses-02_nback,4,4,18,declared_unverified,-0.04061462674199712,-0.036354767400789134,False,-0.6300754481290629,199.21430483585422,,,,False,-0.11055683661491589,-0.11055683661491589,False,-0.8176517039704259,180.53969000071842,,,,False,-0.01701560974338645,-0.05343010172474494,False,-0.14347401307790916,186.55215642366014,130.0,,,False,-0.003539019563942869,0.007837316614480061,False,-0.06853576658905622,228.18301544187133,10.0,,,False,5.0,,,,,,,,,,,,,
sub-023,ses-03,full,sub-023_ses-03_full,6,8,18,declared_unverified,-0.1729799297375434,0.02629348196561554,False,-1.348274282039289,244.03752897473674,10.0,,,False,0.045389052685288256,0.07156328154694247,False,0.48099945052707693,208.78395580866544,140.0,140.0,,True,0.06606805530118698,0.0009892975393890335,False,0.8099235796871883,252.97949868953708,150.0,150.0,150.0,True,-0.014242190098594842,0.06645146661941892,False,-0.16537322788017517,91.19418791301081,,,,False,7.0,,,,,,,,,,,,,
sub-023,ses-03,motorimagery,sub-023_ses-03_motorimagery,1,8,18,declared_unverified,-0.3523998190850439,-0.33567916293347677,False,-2.74674416730637,478.416650445318,10.0,10.0,10.0,True,0.3717236468594498,0.30878332660704366,False,3.9392509715293134,634.0401904867038,90.0,90.0,90.0,True,0.34594317966623445,0.3125067126939358,False,4.240892775886063,747.5589688247019,90.0,90.0,90.0,True,-0.019364103306178104,-0.0673331990196353,False,-0.22484633659424413,105.72231093386378,,,,False,2.0,,,,,,,,,,,,,
sub-023,ses-03,nback,sub-023_ses-03_nback,4,8,18,declared_unverified,-0.24249279551180414,-0.35449085512490974,False,-1.8900851692126546,330.53723013606606,10.0,,,False,-0.06565946100680975,0.037594353675018954,False,-0.6958101744303684,189.20149885475556,,,,False,-0.05524959639107374,-0.006941662611157362,False,-0.6773008631983581,224.39027224217347,20.0,,,False,-0.0523249910071496,-0.08508241453157439,False,-0.6075717710373235,134.10310536463632,,,,False,5.0,,,,,,,,,,,,,
sub-023,ses-03,nbackarithmetic,sub-023_ses-03_nbackarithmetic,5,8,18,declared_unverified,-0.1829648298570199,-0.3041007001036087,False,-1.426100559690385,227.77626258232476,,,,False,0.02311499779615911,-0.019418157507200107,False,0.24495556926419126,184.85108048882577,,,,False,0.06810601470180844,0.07876676010198946,False,0.8349067786853117,209.80368715645693,,,,False,-0.03971739006141839,-0.03514302104127287,False,-0.46117857941531015,133.73702376752107,,,,False,7.0,,,,,,,,,,,,,
sub-024,ses-01,activemotor,sub-024_ses-01_activemotor,2,12,18,declared_unverified,0.1168299323854114,0.1562375261251585,False,0.8005774109620838,264.88445259193105,100.0,,,False,-0.10797349402312029,-0.11577580957707112,False,-0.8402148297681328,242.53345573621783,10.0,,,False,-0.058298271954381864,-0.06041977728576464,False,-0.4214649198482767,212.7067810033613,10.0,10.0,,True,0.05126633352964349,0.09862230560879581,False,0.730186008645198,232.30281938909852,,,,False,2.0,,,,,,,,,,,,,
sub-024,ses-01,full,sub-024_ses-01_full,6,12,18,declared_unverified,0.02170539239041447,0.019013221455936424,False,0.14873625695947154,107.98358936026723,,,,False,-0.019295657481674944,0.05683960381604636,False,-0.15015256950708794,207.1741622265569,20.0,,,False,-0.02227891361128198,0.04941399632619792,False,-0.16106447454965878,187.6417071167026,20.0,,,False,0.00029325638460875325,-0.01828209520490831,False,0.004176848513330288,178.01351569011732,,,,False,7.0,,,,,,,,,,,,,
sub-024,ses-01,mentalarithmetic,sub-024_ses-01_mentalarithmetic,3,12,18,declared_unverified,-0.02827944096374968,0.16416740894122417,False,-0.19378494164942955,123.16099052853424,,,,False,0.2749252695281683,0.39640061593054776,False,2.1393795822343686,388.21440541581205,40.0,60.0,140.0,True,0.1966428327214036,0.31465935857387084,False,1.4216211382134278,305.04676357351985,160.0,160.0,,True,-0.05490041912269206,-0.0832871353009772,False,-0.7819462628230941,186.50201531741143,10.0,10.0,,True,4.0,,,,,,,,,,,,,
sub-024,ses-01,motorimagery,sub-024_ses-01_motorimagery,1,12,18,declared_unverified,-0.040245701961209024,0.019167439620088267,False,-0.2757837757892925,146.38756441426804,,,,False,-0.03578460913352188,-0.2294495736096458,False,-0.2784642614696074,246.72901882455804,80.0,,,False,-0.011521164912541515,-0.17754963084802133,False,-0.08329178007579105,208.76007198601195,80.0,,,False,0.004129946919757543,0.05936198064460041,False,0.05882280338051973,302.15055110484525,160.0,160.0,160.0,True,3.0,,,,,,,,,,,,,
sub-024,ses-01,nback,sub-024_ses-01_nback,4,12,18,declared_unverified,0.19887002589050962,0.11804536852257108,False,1.3627573618733657,334.4551049144505,120.0,120.0,,True,0.16838765607857642,0.23924536143244435,False,1.3103383109638056,292.33569779425204,40.0,60.0,,True,0.11649417394965722,0.1287755546832381,False,0.8421897603569197,229.32566471738676,60.0,,,False,0.047813522107758466,0.058135892921886256,False,0.6810076411441744,315.22053340446075,120.0,,,False,6.0,,,,,,,,,,,,,
sub-024,ses-01,nbackarithmetic,sub-024_ses-01_nbackarithmetic,5,12,18,declared_unverified,0.08263304377542635,-0.0961235967897911,False,0.5662431441577049,141.47063975109074,,,,False,0.09392716679369073,0.04415908775879274,False,0.7309108515212539,193.29935835189963,50.0,,,False,0.1298502062083844,0.034770874926619566,False,0.9387466372026035,168.139372663786,,,,False,-0.03888285595875152,-0.11600617669326807,False,-0.5538082293486062,142.42585465284657,,,,False,7.0,,,,,,,,,,,,,
sub-024,ses-02,activemotor,sub-024_ses-02_activemotor,2,12,18,declared_unverified,0.1911941205616221,-0.12114051784741231,False,0.6266152069071462,157.64700948863697,,,,False,0.040869491652488765,0.08440482915741132,False,0.1638382329546725,74.65616841791126,,,,False,-0.07961131165205892,-0.008625397621081943,False,-0.39786650390420086,121.36510310667569,,,,False,0.0618075817487489,-0.005924542202475402,False,0.5799307334947348,159.9171947614,,,,False,4.0,,,,,,,,,,,,,
sub-024,ses-02,full,sub-024_ses-02_full,6,12,18,declared_unverified,-0.12661732292615802,0.14088255556195484,False,-0.41497269775004375,97.2451425512283,,,,False,-0.05194133697615966,0.28928533566201486,False,-0.20822321304695968,95.56252738672643,,,,False,-0.10096043586363601,0.26670410614965934,False,-0.5045611586613057,142.25692176467226,40.0,,,False,-0.13996750542299186,0.031597897381689055,False,-1.3132928969030082,241.50584069351876,10.0,20.0,,True,7.0,,,,,,,,,,,,,
sub-024,ses-02,mentalarithmetic,sub-024_ses-02_mentalarithmetic,3,12,16,declared_unverified,0.2534671207797139,0.008434747673723653,False,0.8307073034724888,127.32781998584113,,,,False,0.06061081299742854,0.06210612133360005,False,0.24297753893985666,71.29360071074726,,,,False,-0.04105568975237617,-0.014329774930082362,False,-0.20518043740497802,100.77017568029,,,,False,0.04175160403701783,-0.06207648653826614,False,0.39174867659758483,130.19058658397336,,,,False,7.0,,,,,,,,,,,,,
sub-024,ses-02,motorimagery,sub-024_ses-02_motorimagery,1,12,18,declared_unverified,-0.013964600957709683,-0.042110877940399805,False,-0.04576726152868654,136.81438810045873,,,,False,0.0164713923150015,-0.20680021117634206,False,0.06603076529895208,106.77649938149725,,,,False,-0.07511074617063063,-0.22220279250968034,False,-0.37537442059933424,150.58653156981237,,,,False,-0.03392792637989883,0.07276704217948504,False,-0.31834035040285924,143.69542637810895,,,,False,4.0,,,,,,,,,,,,,
sub-024,ses-02,nback,sub-024_ses-02_nback,4,12,17,declared_unverified,0.11676448608080814,-0.22514907196481526,False,0.3826812372159245,116.47841982829156,,,,False,0.1798887134095839,0.21542337445088977,False,0.7211405804632957,113.98695902296609,,,,False,0.033343427150083205,0.13568045497373094,False,0.16663753571060427,121.20666488371737,,,,False,-0.003883597648249637,-0.029212248791228745,False,-0.03643918058310748,118.20485733659115,,,,False,6.0,,,,,,,,,,,,,
sub-024,ses-02,nbackarithmetic,sub-024_ses-02_nbackarithmetic,5,12,17,declared_unverified,-0.05131190126912366,0.07002318152509446,False,-0.16816844333970032,68.59874752857996,,,,False,0.16230067191325492,-0.016055076049845685,False,0.6506333751279805,108.81064615149603,,,,False,0.049210992771853146,-0.030341310158047197,False,0.2459374835245004,103.91515485026581,,,,False,-0.08725054088676276,-0.09643940384493566,False,-0.8186579824456067,154.12820318168775,,,,False,7.0,,,,,,,,,,,,,
sub-024,ses-03,full,sub-024_ses-03_full,6,12,18,declared_unverified,0.06795766273267478,0.009614296785453558,False,0.3939293533810157,169.74569619685187,,,,False,0.053931773999274846,-0.16620852241906903,False,0.31478982998284977,130.60491580343887,,,,False,0.014780549308715862,-0.11834454083956691,False,0.10159685382853066,136.60006433141666,,,,False,-0.04799296060155389,-0.04799296060155389,False,-0.41543096394697776,120.4870214429096,,,,False,6.0,,,,,,,,,,,,,
sub-024,ses-03,mentalarithmetic,sub-024_ses-03_mentalarithmetic,3,12,18,declared_unverified,0.08770186809026148,-0.04836616325768439,False,0.5083803473790237,191.06669612527048,,,,False,0.17629036269194387,0.24565953839316235,False,1.0289743723274898,203.13295063297608,,,,False,0.049643236059812246,0.1638883610457773,False,0.34123201324932345,129.34049266605922,,,,False,0.06248981823387045,-0.12967150924751825,False,0.5409169407425067,141.2724762917618,,,,False,5.0,,,,,,,,,,,,,
sub-024,ses-03,motorimagery,sub-024_ses-03_motorimagery,1,12,18,declared_unverified,0.22513160111477726,0.27748818933489305,False,1.3050176019390327,279.84358292849123,120.0,,,False,0.03656983992778562,0.04239985333292884,False,0.21345141907481946,72.28867339416976,,,,False,-0.05810605701664828,-0.03614626772607776,False,-0.3994027865927524,96.2157056361203,,,,False,0.0760814986835634,0.15547674765406372,False,0.6585676303457746,153.71989868505608,,,,False,3.0,,,,,,,,,,,,,
sub-024,ses-03,nback,sub-024_ses-03_nback,4,12,18,declared_unverified,0.05928393203635096,0.07308992145947979,False,0.34365044461329053,214.6495809751301,60.0,70.0,,True,0.1493144200405503,0.14451973546710573,False,0.8715207643491318,166.47301753652732,,,,False,0.029025805490833,0.0047506594477666475,False,0.19951427082406248,85.90665184701407,,,,False,-0.03380082872839263,-0.12886138592588736,False,-0.292582718066121,132.10157305463835,,,,False,6.0,,,,,,,,,,,,,
sub-024,ses-03,nbackarithmetic,sub-024_ses-03_nbackarithmetic,5,12,18,declared_unverified,0.2288136079035259,-0.020409608685517888,False,1.3263610457113992,278.825028064441,40.0,70.0,70.0,True,0.09929076492932687,0.023358610578204875,False,0.5795419043955443,144.0514136235532,,,,False,-0.006776971995462233,0.009690048853967514,False,-0.04658277705666802,101.78434854601029,,,,False,0.0037873117856699334,-0.04192235649408249,False,0.032783278342650705,118.79171633775067,,,,False,7.0,,,,,,,,,,,,,
sub-024,ses-03,passivemotor,sub-024_ses-03_passivemotor,0,12,18,declared_unverified,0.1649210232515228,0.34793594291506125,False,0.955995680780981,257.7901628501321,20.0,70.0,,True,-0.09266021160433757,-0.009730610176466925,False,-0.5408405860615025,174.2797933079409,,,,False,-0.12754584858908813,-0.006276565861785377,False,-0.8767101049417836,226.04013571184225,,,,False,0.04504092307266627,0.15464047304379092,False,0.38987788739445983,156.2865946762941,,,,False,3.0,,,,,,,,,,,,,
sub-025,ses-01,activemotor,sub-025_ses-01_activemotor,2,14,18,declared_unverified,0.0009440647448968331,-0.23563648342044896,False,0.0040982221946433885,115.61918949680211,,,,False,0.03667174607993917,0.010792362015848878,False,0.5698088342940484,261.23279041185344,10.0,,,False,-0.01595775909015862,-0.08928225330954276,False,-0.1399118614875404,167.67695279871734,,,,False,-0.06183083084107366,-0.10798048093046486,False,-1.0118289171772425,234.1376782285903,,,,False,1.0,,,,,,,,,,,,,
sub-025,ses-01,full,sub-025_ses-01_full,6,14,18,declared_unverified,0.13545136637370825,0.13158965138731826,False,0.5879997097318799,169.06018488516077,,,,False,-0.08143016814344484,-0.1241571252735656,False,-1.265269155306651,681.3456527325508,20.0,20.0,40.0,True,-0.023855437677284375,-0.008510700098702584,False,-0.20915585159367636,377.27755398211906,100.0,110.0,110.0,True,-0.041556106002103466,-0.005501127520619042,False,-0.6800437446213198,218.91795291024093,,,,False,9.0,,,,,,,,,,,,,
sub-025,ses-01,mentalarithmetic,sub-025_ses-01_mentalarithmetic,3,14,18,declared_unverified,-0.45839534622690814,-0.20309341366851585,False,-1.9899122300488277,330.23662229221026,80.0,130.0,,True,0.7821212593527449,0.7998160834032209,False,12.152669308325443,2064.5147699570166,30.0,30.0,30.0,True,0.8055423857184634,0.7796918736884362,False,7.06270435944175,1157.6510038147921,30.0,30.0,30.0,True,-0.09412421930523429,-0.05908034966706044,False,-1.5402931774370237,272.6499883030742,80.0,,,False,5.0,,,,,,,,,,,,,
sub-025,ses-01,motorimagery,sub-025_ses-01_motorimagery,1,14,18,declared_unverified,0.022184524777838055,0.060447072206399,False,0.09630389474196158,88.52539031185015,,,,False,0.05202507093544462,0.14050006379748292,False,0.8083701539373228,525.4177812382146,10.0,10.0,10.0,True,0.015325531508584733,0.10396990050935351,False,0.1343687186614081,330.16304383469617,10.0,10.0,10.0,True,-0.06524204020319613,-0.0991961466839244,False,-1.067651558215544,247.02899011073163,,,,False,5.0,,,,,,,,,,,,,
sub-025,ses-01,nback,sub-025_ses-01_nback,4,14,18,declared_unverified,0.13053114019708967,0.31785804898404835,False,0.566640814350309,113.6462318264565,,,,False,-0.06742938847491697,-0.13760058440682854,False,-1.0477238024145021,289.78154236487364,20.0,,,False,-0.10028947015414935,-0.13901642835148265,False,-0.8793018103349928,222.0236056136754,20.0,,,False,-0.08596753576765837,-0.04693190792750879,False,-1.4068133558121738,249.19596915421567,70.0,,,False,6.0,,,,,,,,,,,,,
sub-025,ses-01,nbackarithmetic,sub-025_ses-01_nbackarithmetic,5,14,18,declared_unverified,-0.03834705492731261,-0.12749858939878922,False,-0.16646607391262871,163.29087550340222,,,,False,0.2504711283064742,0.2591899653908645,False,3.8918425463984314,1024.8260253424419,30.0,30.0,30.0,True,0.24386096102370214,0.3046281516876115,False,2.1380847278242485,602.133144174514,30.0,40.0,50.0,True,-0.06971634981869812,-0.02417632129522107,False,-1.1408712738782003,197.56165937664753,,,,False,9.0,,,,,,,,,,,,,
sub-025,ses-01,passivemotor,sub-025_ses-01_passivemotor,0,14,18,declared_unverified,-0.028829001440221713,-0.028829001440221713,False,-0.12514782930975785,74.54776824610775,,,,False,-0.026486218361253644,0.06601483945068787,False,-0.4115452036667405,196.66981232875037,,,,False,-0.06258559048343604,0.03265415081967149,False,-0.5487278268434743,139.18964600079232,,,,False,-0.04484480268574331,-0.07355480970298311,False,-0.7338615303289815,178.9982997235171,,,,False,1.0,,,,,,,,,,,,,
sub-025,ses-02,activemotor,sub-025_ses-02_activemotor,2,14,18,declared_unverified,-0.04390096656118647,-0.08802373071742897,False,-0.22560774603729183,105.87772500080811,,,,False,-0.02167666356173159,0.08790569915123925,False,-0.11893118766023836,101.06305137041727,,,,False,0.0021500922780965936,0.11037176522059511,False,0.008701667357914125,72.51486372212636,,,,False,-0.06582881490334724,-0.11331576052456638,False,-0.45229819324198794,118.30177711850655,,,,False,2.0,,,,,,,,,,,,,
sub-025,ses-02,full,sub-025_ses-02_full,6,14,18,declared_unverified,-0.3116928327598396,-0.4660001370648117,False,-1.60179428753392,256.0456577169019,50.0,,,False,0.5147257894932017,0.6226632613544418,False,2.8240946439678996,453.98696149459226,10.0,30.0,30.0,True,0.6159664950555739,0.7141654355931207,False,2.4928862812989747,398.9818369109013,20.0,30.0,50.0,True,-0.007442966020962949,0.03430766331049073,False,-0.05113930865360066,60.33779761401007,,,,False,9.0,,,,,,,,,,,,,
sub-025,ses-02,mentalarithmetic,sub-025_ses-02_mentalarithmetic,3,14,18,declared_unverified,-0.49324801380608696,-0.36115206938473154,False,-2.534809170478434,432.18004509522245,20.0,20.0,60.0,True,0.593199562112558,0.6053386871082298,False,3.254648864234351,547.2458762440019,30.0,40.0,40.0,True,0.6638120876668623,0.7159076517918534,False,2.6865228222451494,433.60117271237334,40.0,40.0,40.0,True,-0.076798358075999,-0.03134008653270681,False,-0.5276679923940009,129.02618564630495,,,,False,5.0,,,,,,,,,,,,,
sub-025,ses-02,motorimagery,sub-025_ses-02_motorimagery,1,14,18,declared_unverified,-0.4141798011197464,-0.30964941553769565,False,-2.1284764027818404,358.20687335329933,10.0,30.0,,True,0.8330241781550266,0.40501556098247127,False,4.570470661941533,761.9732529868297,10.0,20.0,20.0,True,0.8524957838613834,0.359139967571112,False,3.450147145197436,580.8010039656236,20.0,20.0,20.0,True,-0.05999069715239813,-0.009977717243955131,False,-0.4121855144011902,80.04520778870236,,,,False,3.0,,,,,,,,,,,,,
sub-025,ses-02,nback,sub-025_ses-02_nback,4,14,18,declared_unverified,-0.4382298339450177,-0.4199937886515053,False,-2.2520698933777723,352.2182057528404,10.0,20.0,,True,0.47716386389861254,0.5134372359033558,False,2.618007373708439,475.00161800140495,30.0,30.0,50.0,True,0.5712965214210428,0.5829092294954121,False,2.312101830596892,382.61788673186237,30.0,50.0,70.0,True,-0.09830607420452275,-0.027960188850559065,False,-0.6754437219126893,125.55628839739765,,,,False,3.0,,,,,,,,,,,,,
sub-025,ses-02,nbackarithmetic,sub-025_ses-02_nbackarithmetic,5,14,18,declared_unverified,0.10288510555876096,-0.04158778620078474,False,0.5287281484695776,136.26400142198767,,,,False,-0.07785453054246061,-0.15766553707199327,False,-0.42715668653416516,91.50463857948394,,,,False,-0.03331667967662644,-0.11406331430702732,False,-0.134836382126273,53.81013694553589,,,,False,-0.05693915025416474,-0.6131475868634662,False,-0.39121887311058423,88.8745084582315,,,,False,6.0,,,,,,,,,,,,,
sub-025,ses-02,passivemotor,sub-025_ses-02_passivemotor,0,14,18,declared_unverified,0.13003899806336183,0.07045348686899788,False,0.668272421955304,119.13248037240017,,,,False,-0.03880441921208744,-0.04053133769026607,False,-0.2129043360485996,98.65112695274826,,,,False,0.007941412929772351,-0.11168052065362044,False,0.03213979900801877,62.48584463404788,,,,False,-0.02712317407935949,-0.505488387209552,False,-0.18635855208838675,166.61389973436317,,,,False,1.0,,,,,,,,,,,,,
sub-025,ses-03,activemotor,sub-025_ses-03_activemotor,2,14,18,declared_unverified,0.03609325583513279,-0.07574106429068417,False,0.1900161666204641,123.73932622269108,,,,False,-0.011201789014191998,-0.09764881973238071,False,-0.052664516653712815,70.54897631018756,,,,False,-0.0612609011288755,-0.0959627651824645,False,-0.21814912995380045,62.463134150051864,,,,False,-0.018909864505960994,-0.03302228615771052,False,-0.2193334114766168,128.64834111475548,,,,False,1.0,,,,,,,,,,,,,
sub-025,ses-03,full,sub-025_ses-03_full,6,14,18,declared_unverified,-0.22342807417761268,-0.26538763161057943,False,-1.1762570371747256,208.56184587123195,,,,False,0.4596731048718389,0.4405302882036142,False,2.1611246075172605,402.8971150522865,30.0,30.0,,True,0.46754273202619223,0.45913724121237776,False,1.6649125025629363,314.45770355940135,60.0,,,False,0.04971847558336617,-0.13015708299206885,False,0.5766790586827836,173.784391040857,,,,False,8.0,,,,,,,,,,,,,
sub-025,ses-03,mentalarithmetic,sub-025_ses-03_mentalarithmetic,3,14,18,declared_unverified,-0.05376295354498728,0.11045837901721445,False,-0.2830398672116627,182.93030382189573,20.0,,,False,-0.19484092315515833,-0.9736806937583309,False,-0.9160325220667237,257.73041305768606,10.0,10.0,,True,-0.2512818920448706,-0.9963074577464467,False,-0.894810966090984,212.3704932963289,,,,False,-0.07726849337738084,-0.07726849337738084,False,-0.8962286454658037,181.086282814336,80.0,,,False,5.0,,,,,,,,,,,,,
sub-025,ses-03,motorimagery,sub-025_ses-03_motorimagery,1,14,18,declared_unverified,-0.22815786759487056,-0.2908615680589761,False,-1.2011574567478258,197.5053171315144,,,,False,0.7694923820763394,0.42175582707547066,False,3.6177207336633312,619.1685243761056,10.0,10.0,10.0,True,0.7628359902185367,0.4111745213680973,False,2.7164472689282855,480.9896882149508,10.0,10.0,20.0,True,0.018397451493972428,0.10983087466620622,False,0.21338999004337386,99.4770345312773,,,,False,4.0,,,,,,,,,,,,,
sub-025,ses-03,nback,sub-025_ses-03_nback,4,14,18,declared_unverified,-0.2692520745134198,-0.34631892786789253,False,-1.4175015766753525,260.8733493468888,,,,False,0.37894898203786764,0.44535656037841587,False,1.7816051480844945,306.8205631935916,120.0,,,False,0.3804516660231805,0.4473715763722095,False,1.3547825513998302,247.35447924250133,,,,False,-0.04932454768490424,-0.06571106352480749,False,-0.572109932879781,156.83467357939034,,,,False,4.0,,,,,,,,,,,,,
sub-025,ses-03,nbackarithmetic,sub-025_ses-03_nbackarithmetic,5,14,18,declared_unverified,-0.2098667058513396,-0.24052519429254893,False,-1.1048620032864753,176.31826978037608,,,,False,0.3461096593379195,0.5339161673576078,False,1.6272131081132954,334.0654469728461,20.0,30.0,150.0,True,0.3855022706474549,0.5828469612947493,False,1.3727676770545814,265.1800551067332,130.0,150.0,,True,-0.06590646095993713,-0.03419750321616899,False,-0.7644416974080726,121.81160445078676,,,,False,7.0,,,,,,,,,,,,,
sub-025,ses-03,passivemotor,sub-025_ses-03_passivemotor,0,14,18,declared_unverified,0.11323057395069647,0.18582579209888728,False,0.5961124622457366,144.10846158554014,,,,False,-0.050796486316672884,-0.04423959524492205,False,-0.23881653155448895,74.36161878029017,,,,False,-0.12370340737351793,-0.039571275676854145,False,-0.4405059376139937,81.3936703517364,,,,False,-0.013660894037865523,0.009508369414741757,False,-0.15845118785494766,126.00406315069101,,,,False,1.0,,,,,,,,,,,,,
sub-026,ses-01,activemotor,sub-026_ses-01_activemotor,2,14,18,declared_unverified,-0.07885122182290727,0.10159843912418376,False,-0.4781536514496638,124.06139729545048,,,,False,-0.031504650639023524,0.0649371399583264,False,-0.3404728769239084,148.16189092714012,,,,False,-0.039225464525452725,0.06506890849698699,False,-0.5826986706941172,241.9834119194215,20.0,,,False,-0.053476889611778766,0.06908678689482417,False,-0.5891370132703668,106.80766822805545,,,,False,1.0,,,,,,,,,,,,,
sub-026,ses-01,full,sub-026_ses-01_full,6,14,18,declared_unverified,0.18071171502152283,0.30765665540066034,False,1.095835478508332,238.90178692797005,,,,False,0.047188161103908444,0.047188161103908444,False,0.5099656286267756,184.57893363738137,,,,False,0.07541873861664561,0.10446613086665191,False,1.120353812733827,283.1620470657434,100.0,,,False,-0.03366720780022692,-0.0024184300096878886,False,-0.37090037196571946,85.32090969981093,,,,False,9.0,,,,,,,,,,,,,
sub-026,ses-01,mentalarithmetic,sub-026_ses-01_mentalarithmetic,3,14,18,declared_unverified,-0.0611134262651869,-0.007622678160962848,False,-0.37059169465919023,119.67773314234168,,,,False,-0.015974451817869495,0.04828766556220354,False,-0.17263697445911308,111.08683383984635,,,,False,0.040080285782597036,0.05715780920857294,False,0.5953971362507418,158.74699806144082,,,,False,-0.0375284445491022,-0.021670268815191185,False,-0.41343832625356736,90.95037736152531,,,,False,5.0,,,,,,,,,,,,,
sub-026,ses-01,motorimagery,sub-026_ses-01_motorimagery,1,14,18,declared_unverified,-0.0983425103728175,0.09530612291839169,False,-0.5963487862381917,147.61963145768158,,,,False,-0.056225266414049346,-0.07091842729063669,False,-0.6076302331089083,167.9188260052612,,,,False,0.012951251683315235,0.010315853123280538,False,0.19239229492861185,162.77373128182586,,,,False,-0.08265499384417807,-0.05449224739446146,False,-0.9105824321262332,172.73761073260746,,,,False,1.0,,,,,,,,,,,,,
sub-026,ses-01,nback,sub-026_ses-01_nback,4,14,18,declared_unverified,0.15500759758646876,-0.03770977256401342,False,0.9399657617845325,180.89875015783247,,,,False,0.11420739698438831,-0.028251978178337467,False,1.2342470152359328,254.57847221986324,140.0,140.0,,True,0.16083035151996095,0.03180400787043758,False,2.38915289268629,441.31822211969336,20.0,20.0,160.0,True,0.0658174348393803,0.012930123618043465,False,0.7250886740774243,168.21759065182493,,,,False,7.0,,,,,,,,,,,,,
sub-026,ses-01,nbackarithmetic,sub-026_ses-01_nbackarithmetic,5,14,18,declared_unverified,0.28328117368718353,0.22714206389133484,False,1.7178164707413937,280.43620717297665,10.0,,,False,0.034551954218673187,0.053657685965241675,False,0.3734052915223647,129.70770404411542,,,,False,0.15647624601824317,0.1077148927015219,False,2.3244721675857227,401.9948652761283,40.0,40.0,100.0,True,0.06637024955008408,-0.004920345681232008,False,0.7311788489159441,150.2289303643801,,,,False,9.0,,,,,,,,,,,,,
sub-026,ses-01,passivemotor,sub-026_ses-01_passivemotor,0,14,18,declared_unverified,0.06399082915343446,0.051628085509421995,False,0.38804026001937475,137.2654554852531,,,,False,0.02042366009200125,0.10369419352431608,False,0.22071986731465076,148.12798848761472,,,,False,0.04176052903471095,0.03149843868683755,False,0.6203573380302321,192.85847831862458,,,,False,-0.01718952549296371,-0.02504011886105495,False,-0.1893712551716714,100.12467863482027,,,,False,1.0,,,,,,,,,,,,,
sub-026,ses-02,activemotor,sub-026_ses-02_activemotor,2,12,18,declared_unverified,0.16703872111167373,0.26526075634168966,False,0.67096256579702,118.61727768541363,,,,False,0.08882590368864762,0.08976289461821951,False,1.5469136621720008,338.24365284689947,120.0,120.0,120.0,True,0.1491748689201542,0.15625804858822145,False,5.204656258951216,838.860910318583,20.0,20.0,20.0,True,-0.02331247977620743,-0.027508710954110005,False,-0.4510545719142132,201.3481861087,,,,False,1.0,,,,,,,,,,,,,
sub-026,ses-02,full,sub-026_ses-02_full,6,12,18,declared_unverified,0.2606997699997492,0.21953751891840279,False,1.047181069261073,152.96469925578944,,,,False,0.10634471193620132,0.08416432767236315,False,1.8520057884294876,360.84847759520767,10.0,,,False,0.18796665660885137,0.09935854544387213,False,6.558087450487577,1202.0380340045367,20.0,20.0,20.0,True,-0.02477951690448965,-0.19280434019556048,False,-0.4794391028706727,202.49101685585055,20.0,,,False,9.0,,,,,,,,,,,,,
sub-026,ses-02,mentalarithmetic,sub-026_ses-02_mentalarithmetic,3,12,18,declared_unverified,0.08759028161813676,0.04839256340443754,False,0.35183339349262643,90.22498133455407,,,,False,0.04705313206794948,0.08099987414825793,False,0.8194358832422096,224.41215630770012,,,,False,0.12556343586760543,0.1437767673589574,False,4.3808620521298804,803.8913584252008,40.0,40.0,40.0,True,-0.04323214368705952,-0.0482471396724955,False,-0.8364642565224678,167.09802629747446,,,,False,5.0,,,,,,,,,,,,,
sub-026,ses-02,motorimagery,sub-026_ses-02_motorimagery,1,12,18,declared_unverified,0.07788437390012715,-0.015426244833597114,False,0.31284662023116794,105.89079341220369,,,,False,-0.00506947901440391,-0.009377979434876837,False,-0.08828557911398789,165.8110781797442,,,,False,0.021464000371375747,0.03718828364063487,False,0.7488710711373658,320.84252757811055,,,,False,-0.06521967818335361,-0.06521967818335361,False,-1.2618835192899027,248.3625894083498,,,,False,1.0,,,,,,,,,,,,,
sub-026,ses-02,nback,sub-026_ses-02_nback,4,12,18,declared_unverified,0.13191087338486318,-0.1646888656351393,False,0.5298607261466164,109.72722396342402,,,,False,0.017520737754650906,0.10015526391491969,False,0.3051257288527441,174.72015152762555,,,,False,0.05857638372877538,0.045782698001524125,False,2.0437084638155794,453.88927544403174,20.0,,,False,-0.10316875493637956,-0.09151669772482651,False,-1.9961299286678253,355.8485989737184,50.0,100.0,,True,9.0,,,,,,,,,,,,,
sub-026,ses-02,nbackarithmetic,sub-026_ses-02_nbackarithmetic,5,12,18,declared_unverified,0.15121124144708642,0.16983475118069802,False,0.6073866099038239,131.5135446973881,,,,False,0.02157437521774419,-0.024384444543653183,False,0.3757203067039421,215.41256770411417,,,,False,0.13307860718655062,0.0469450378063645,False,4.643063612790705,772.6660103904358,80.0,80.0,80.0,True,-0.09503239155374166,-0.048781721712058745,False,-1.838705924970039,324.96037299973557,10.0,40.0,,True,9.0,,,,,,,,,,,,,
sub-026,ses-03,activemotor,sub-026_ses-03_activemotor,2,14,18,declared_unverified,0.06959810983003212,0.11823077590710884,False,0.3213864257121202,107.45408942111844,,,,False,0.01476713767568727,0.06157567541243303,False,0.20691780484117508,177.15106873734817,,,,False,0.00468034718077226,0.05749363741503222,False,0.05400322811438518,140.50497156794123,,,,False,-0.018077536468414368,0.04727130249965672,False,-0.3106516579018412,144.88871509580835,,,,False,1.0,,,,,,,,,,,,,
sub-026,ses-03,full,sub-026_ses-03_full,6,14,18,declared_unverified,0.0826953429260342,0.13495383226260582,False,0.381866127556354,133.22412618125304,,,,False,-0.035600919987326174,0.013208278719459177,False,-0.4988417102816126,177.7005860515567,,,,False,-0.014968756049148713,0.11123859749637022,False,-0.17271392832387789,123.54212935161966,,,,False,-0.048804272432143136,-0.005929783173497349,False,-0.8386722477494863,156.84191622920332,,,,False,9.0,,,,,,,,,,,,,
sub-026,ses-03,mentalarithmetic,sub-026_ses-03_mentalarithmetic,3,14,18,declared_unverified,-0.0013815082550758806,-0.07951952394340167,False,-0.006379454862709776,96.7886962690814,,,,False,0.027769140016288607,0.07703688041307966,False,0.3891024530744259,112.74103394566396,,,,False,-0.013410031314916693,-0.013410031314916693,False,-0.15472890197026024,86.46305310152826,,,,False,-0.025230245925785932,-0.038776841094919856,False,-0.4335666942125126,112.50002897486112,,,,False,5.0,,,,,,,,,,,,,
sub-026,ses-03,motorimagery,sub-026_ses-03_motorimagery,1,14,18,declared_unverified,0.10679684194264016,0.04432871759066703,False,0.49316073946704664,126.41920828648378,,,,False,0.032261112117908164,0.05736338675329733,False,0.45204417049372025,162.11331927953876,,,,False,-0.0888538212468768,-0.012384780752362268,False,-1.0252216325623429,192.87280481312644,70.0,,,False,-0.0528311681556658,-0.08207842366904294,False,-0.9078720435787393,159.6686796761659,,,,False,1.0,,,,,,,,,,,,,
sub-026,ses-03,nback,sub-026_ses-03_nback,4,14,18,declared_unverified,-0.09858247604355896,-0.29728565370403426,False,-0.45522888036563697,91.513632227302,,,,False,-0.018138019150493845,-0.13550475741574441,False,-0.25415074940125215,155.1664248113944,,,,False,-0.0021690524065116623,-0.12336967775932672,False,-0.02502716729693137,108.21991074886213,,,,False,-0.06016523286580677,-0.24373096317546028,False,-1.0339035614985324,176.9357835792672,,,,False,9.0,,,,,,,,,,,,,
sub-026,ses-03,nbackarithmetic,sub-026_ses-03_nbackarithmetic,5,14,18,declared_unverified,0.03629049932703754,0.1393551828405063,False,0.16758032501899794,121.5498109354344,,,,False,-0.05751810988308148,-0.1283551818391434,False,-0.805946372072871,207.7802855772175,,,,False,-0.0744034102586213,-0.02580491594254286,False,-0.8584885226444974,181.25671391081343,,,,False,-0.09511861444791625,-0.09739602329654229,False,-1.6345565297129778,288.83757507967016,140.0,,,False,9.0,,,,,,,,,,,,,
sub-026,ses-03,passivemotor,sub-026_ses-03_passivemotor,0,14,18,declared_unverified,0.14418299888100017,0.16322144289101637,False,0.6658005335487412,156.87305798712106,,,,False,0.0036578203949344523,-0.05337306647051321,False,0.05125354576122393,174.97396480126756,,,,False,-0.049155516306639724,-0.07837261386428573,False,-0.5671708652497538,135.39579213308994,,,,False,-0.025426275682864374,-0.029342294981313133,False,-0.4369353484061254,128.47620258674493,,,,False,1.0,,,,,,,,,,,,,
sub-027,ses-01,activemotor,sub-027_ses-01_activemotor,2,11,18,declared_unverified,-0.05578087977506585,-0.0753559533470145,False,-0.24668511417568537,152.3487813251887,,,,False,-0.13885045087818448,-0.15562678674231267,False,-1.4233040637526424,250.11608568847168,140.0,,,False,-0.2572719479008483,-0.3361261878005799,False,-1.5163637085431905,256.84529105600814,80.0,,,False,-0.045317291028519224,-0.06354268288077236,False,-0.40555732669651356,80.09776105430737,,,,False,1.0,,,,,,,,,,,,,
sub-027,ses-01,full,sub-027_ses-01_full,6,11,18,declared_unverified,-0.41358550297970753,-0.058486853787594106,False,-1.8290386855741727,273.29091420443774,20.0,20.0,,True,0.12358487047468691,0.13527236682768262,False,1.2668223059591237,305.35060631783364,110.0,110.0,,True,0.23852451974542088,0.20975782518241815,False,1.405866159489117,310.10552724741916,110.0,110.0,,True,0.07095920527660282,-0.10974999440223909,False,0.6350341104541641,172.79624898475942,,,,False,8.0,,,,,,,,,,,,,
sub-027,ses-01,mentalarithmetic,sub-027_ses-01_mentalarithmetic,3,11,18,declared_unverified,-0.1083260976653968,-0.11840529960058377,False,-0.47906085164938284,120.20003063274456,,,,False,-0.017339097601867248,-0.2602722277422538,False,-0.17773660742515346,207.61255414126504,,,,False,-0.032063061793482284,-0.344758411067001,False,-0.18898004110091376,100.1249169491071,,,,False,-0.037766895505467524,-0.06709421458882714,False,-0.3379866896541739,78.7377404478262,,,,False,1.0,,,,,,,,,,,,,
sub-027,ses-01,motorimagery,sub-027_ses-01_motorimagery,1,11,18,declared_unverified,-0.5005061613015567,-0.5635811641933084,False,-2.2134362176463673,323.87889453718594,20.0,20.0,20.0,True,-0.06231626932237133,-0.04338757704385143,False,-0.63878078035374,176.00756779944047,,,,False,0.056648661642322296,0.14922532553332946,False,0.33388783873578776,124.34525027610223,,,,False,-0.11625564181321812,0.03841128681018913,False,-1.0404048043711318,176.16404573358972,,,,False,3.0,,,,,,,,,,,,,
sub-027,ses-01,nback,sub-027_ses-01_nback,4,11,18,declared_unverified,-0.20520693289995995,-0.28194267332881684,False,-0.907506225721035,165.56108370958282,,,,False,0.2371726623174415,0.2700726407730536,False,2.4311682961951755,452.55892408822547,10.0,30.0,110.0,True,0.4197665890147708,0.3790062710822357,False,2.4741089218412395,401.8058948734091,20.0,30.0,90.0,True,0.3105403199945238,0.4169921020139735,False,2.779113648457072,448.4847799539071,50.0,60.0,80.0,True,5.0,,,,,,,,,,,,,
sub-027,ses-01,nbackarithmetic,sub-027_ses-01_nbackarithmetic,5,11,18,declared_unverified,-0.498385902413362,0.19399251229716474,False,-2.204059594186403,370.6221720290803,20.0,20.0,,True,0.13098836654356272,0.2834634995325581,False,1.342712776419693,248.9178445633956,110.0,110.0,,True,0.25029055090581975,0.48421310332551426,False,1.4752152773808724,253.55581586488327,110.0,110.0,,True,0.06986844577388451,0.05407861581478102,False,0.6252725934271905,125.92876993352546,,,,False,7.0,,,,,,,,,,,,,
sub-027,ses-02,activemotor,sub-027_ses-02_activemotor,2,12,17,declared_unverified,0.04014625425957763,-0.12020707330575942,False,0.16526901615715064,86.80861487573696,,,,False,-0.002217494673149689,-0.24258483903674122,False,-0.009426052507706548,122.88280257414732,,,,False,-0.11255472686764956,-0.5520977233816421,False,-0.31090321655391967,146.3941328694963,,,,False,0.19008942181802568,-0.07123815358584884,False,1.151158033015673,235.0500940938324,10.0,,,False,1.0,,,,,,,,,,,,,
sub-027,ses-02,full,sub-027_ses-02_full,6,12,17,declared_unverified,0.04566905225025297,0.08940513314383125,False,0.1880045716202322,86.42289669868634,,,,False,0.4080586802678866,-0.09534985077917146,False,1.7345622485609875,291.8338029922976,30.0,,,False,0.6075391170501574,0.0036464875077240055,False,1.6781691087512358,269.4724199229696,20.0,50.0,,True,0.40907074960891576,-0.20890770129685743,False,2.4772818759733406,418.16154721969303,10.0,30.0,60.0,True,9.0,,,,,,,,,,,,,
sub-027,ses-02,mentalarithmetic,sub-027_ses-02_mentalarithmetic,3,12,18,declared_unverified,-0.03716409789387054,0.07371250312888411,False,-0.15299245243590098,143.92078884658085,140.0,,,False,0.010379940050551872,0.18926014202535835,False,0.04412270348517897,129.1214028198422,10.0,,,False,-0.020758644853312358,0.2486340501058284,False,-0.057340367977475576,124.39076557671353,10.0,,,False,0.06514753634808779,0.13194772288307377,False,0.3945254243030698,200.39455253873945,10.0,10.0,10.0,True,1.0,,,,,,,,,,,,,
sub-027,ses-02,motorimagery,sub-027_ses-02_motorimagery,1,12,18,declared_unverified,-0.24362224195388937,-0.2974482281774775,False,-1.0029131978636106,219.5585533110518,20.0,,,False,-0.2144701549345267,-0.05579507170056408,False,-0.9116625921258037,158.77090162664746,,,,False,-0.39215972239864283,-0.18469951028023623,False,-1.0832394381801262,191.29349067619856,,,,False,-0.12897490205810125,-0.11961760877095873,False,-0.7810560584677092,169.82605164473756,,,,False,3.0,,,,,,,,,,,,,
sub-027,ses-02,nback,sub-027_ses-02_nback,4,12,18,declared_unverified,-0.26297103063961935,-0.11051782448606695,False,-1.0825658411525005,182.45281134257456,,,,False,0.14163533134403072,0.2656714149733944,False,0.6020587496153715,176.59441638605816,,,,False,0.14394437285603523,0.28949738181219864,False,0.39760896562257936,138.59951676420403,,,,False,0.30630733512256525,0.4633767178903354,False,1.854959345057715,307.87362640009934,120.0,120.0,130.0,True,6.0,,,,,,,,,,,,,
sub-027,ses-02,nbackarithmetic,sub-027_ses-02_nbackarithmetic,5,12,18,declared_unverified,0.03828025793779122,0.20849690370415874,False,0.15758731877486173,116.20547949204604,,,,False,0.3049850537600213,0.2673245900498601,False,1.2964203096480695,226.84179666863244,,,,False,0.5618829225021245,0.36339139886642835,False,1.5520557225290288,280.70817308480747,10.0,,,False,0.16703319941682893,0.13581409177710557,False,1.0115324011720355,185.9141012211556,,,,False,8.0,,,,,,,,,,,,,
sub-027,ses-03,activemotor,sub-027_ses-03_activemotor,2,12,18,declared_unverified,0.026813721021492487,0.01803569379296599,False,0.18905183484393495,188.98859977054084,,,,False,0.11632413232491001,0.014521159949552942,False,0.5188675773735315,121.55213003055742,,,,False,0.09099028906927775,-0.023949261326827065,False,0.3276382933999218,130.54975040359824,,,,False,0.17983523154418268,0.11679737459348516,False,1.1357071528158071,214.0754913467507,,,,False,1.0,,,,,,,,,,,,,
sub-027,ses-03,full,sub-027_ses-03_full,6,12,18,declared_unverified,-0.30800468924163515,-0.40651039021059077,False,-2.1716065291719073,372.5079101496957,80.0,80.0,,True,0.19423918841869403,0.04175362955745543,False,0.8664102204029627,168.0512716291871,,,,False,0.3087255646076379,0.1702480517291507,False,1.1116605755583482,213.00761111368024,80.0,,,False,0.2542863144457921,0.19040939699644177,False,1.6058854747174682,299.4078823233145,60.0,140.0,,True,9.0,,,,,,,,,,,,,
sub-027,ses-03,mentalarithmetic,sub-027_ses-03_mentalarithmetic,3,12,18,declared_unverified,-0.3769525889130716,-0.5240960720063079,False,-2.657728053710506,399.6707076475471,50.0,50.0,50.0,True,-0.11231585036721614,-0.2329343155024477,False,-0.5009885052734315,134.7490750607822,,,,False,-0.1216252253153518,-0.31723591669852347,False,-0.4379487268840606,162.06670538140983,,,,False,-0.048379686802494826,-0.20794099253450993,False,-0.30553054527072854,176.09571065789507,,,,False,1.0,,,,,,,,,,,,,
sub-027,ses-03,motorimagery,sub-027_ses-03_motorimagery,1,12,18,declared_unverified,-0.2716702636730959,-0.2746979157831013,False,-1.9154283651555501,401.89558159525967,10.0,120.0,120.0,True,-0.09368845817685512,-0.06791496088895599,False,-0.4179004162808299,97.4659462338569,,,,False,-0.028846516402159406,0.06698537823883499,False,-0.10387068225863567,89.26025617935252,,,,False,-0.13866977454080143,-0.13668927018741073,False,-0.8757363808695695,184.65223120509154,,,,False,3.0,,,,,,,,,,,,,
sub-027,ses-03,nback,sub-027_ses-03_nback,4,12,18,declared_unverified,-0.3454209529478378,-0.2593666397015948,False,-2.435412261356273,364.61396391190294,20.0,20.0,40.0,True,-0.29093816023564334,-0.04676580013539233,False,-1.2977391307362787,228.30960455937273,60.0,,,False,-0.4994151510137005,-0.20502197747519546,False,-1.7982966034057888,310.8656080243669,60.0,70.0,,True,-0.18335069320525976,-0.008698892086360654,False,-1.157908224984217,209.0484312416281,,,,False,7.0,,,,,,,,,,,,,
sub-027,ses-03,nbackarithmetic,sub-027_ses-03_nbackarithmetic,5,12,17,declared_unverified,-0.3355669126849471,-0.2228083912229527,False,-2.3659357276505526,383.35633320906226,10.0,70.0,70.0,True,-0.18815089815460462,-0.030044373599997898,False,-0.839253203569591,153.21053725606694,,,,False,-0.20345987434526125,0.004473570899093615,False,-0.7326193452917784,144.48589977609694,,,,False,-0.16254255237423287,0.005067757215336921,False,-1.0264993004054428,165.30413781811572,,,,False,8.0,,,,,,,,,,,,,
sub-028,ses-01,activemotor,sub-028_ses-01_activemotor,2,14,18,declared_unverified,0.07765905935209916,0.26437483664197026,False,0.37005210283508116,147.79051872035913,,,,False,0.07515330595211145,0.10234372149196547,False,0.6317900455251504,193.53089413852754,,,,False,0.07591392960554788,0.07516989301310306,False,0.9767173583129155,249.91497162235905,70.0,,,False,0.0030579985622174455,0.003483884394455905,False,0.04028705200973376,240.0947816526295,,,,False,2.0,,,,,,,,,,,,,
sub-028,ses-01,full,sub-028_ses-01_full,6,14,18,declared_unverified,0.23461783346941423,0.094207214993695,False,1.1179741727791197,188.32904844858967,10.0,,,False,0.009364996971651607,-0.11469934775954771,False,0.07872856407451757,135.7930878534567,,,,False,0.06847705068818588,-0.16593914655164765,False,0.88103361795062,228.82867222103417,,,,False,-0.05742280212868911,-0.06531147109304469,False,-0.7565063778923693,155.83871697251578,,,,False,8.0,,,,,,,,,,,,,
sub-028,ses-01,mentalarithmetic,sub-028_ses-01_mentalarithmetic,3,14,18,declared_unverified,-0.002689124152375655,-0.10564869161894697,False,-0.01281390807039588,49.50501949057092,,,,False,0.08659015110081514,0.123775925823297,False,0.7279359811645999,213.57114300613122,,,,False,0.03998374593596077,0.0832138539789492,False,0.5144354785603444,238.95235580315926,150.0,150.0,,True,-0.000439137481413554,-0.000439137481413554,False,-0.005785337760362774,186.09646176440566,,,,False,6.0,,,,,,,,,,,,,
sub-028,ses-01,motorimagery,sub-028_ses-01_motorimagery,1,14,18,declared_unverified,-0.1416427992906959,-0.05672319987327201,False,-0.6749401314703478,162.1932073830375,,,,False,-0.06579721406221906,-0.004363447603883186,False,-0.55313634365315,154.269901010421,,,,False,-0.10317924964213787,-0.010016678077850893,False,-1.3275161049733466,260.690536707677,20.0,20.0,,True,-0.06458470649639991,0.006818009802348257,False,-0.8508595987589888,159.59984709984764,,,,False,3.0,,,,,,,,,,,,,
sub-028,ses-01,nback,sub-028_ses-01_nback,4,14,18,declared_unverified,0.22514898371129988,-0.02637904818758674,False,1.0728542885872054,179.41786848265815,,,,False,0.01999398278567477,-0.032152856646356254,False,0.16808308209940614,174.65383807712863,,,,False,-0.049472094045857284,-0.16536109389411002,False,-0.6365136577404438,214.3846680210339,,,,False,-0.08035943141645929,-0.34326926407431335,False,-1.0586808747875998,194.76483797662038,,,,False,5.0,,,,,,,,,,,,,
sub-028,ses-01,nbackarithmetic,sub-028_ses-01_nbackarithmetic,5,14,18,declared_unverified,0.2316467758550529,0.1294278624393732,False,1.103816827493056,180.32488658778055,,,,False,-0.060732971481849196,-0.16496070800854135,False,-0.5105628598939513,149.79785009900377,,,,False,-0.06655914542979413,-0.14214214839848593,False,-0.8563576280867797,195.8381932450381,,,,False,-0.04931422526510165,0.0010118883431190495,False,-0.6496813905086599,157.09716970849047,,,,False,7.0,,,,,,,,,,,,,
sub-028,ses-01,passivemotor,sub-028_ses-01_passivemotor,0,14,18,declared_unverified,-0.0324612702405469,-0.0324612702405469,False,-0.15468074701689677,83.51976839201541,,,,False,0.04434157152715956,0.12849830823899133,False,0.37276555088144836,167.61944804188713,,,,False,0.024443790440904944,0.030538296233772355,False,0.3144966220382614,173.48403525977938,,,,False,0.07575732385272138,-0.00746546913190782,False,0.9980512364792484,233.06176617484113,80.0,,,False,2.0,,,,,,,,,,,,,
sub-028,ses-02,full,sub-028_ses-02_full,6,11,17,declared_unverified,0.061999167553762335,0.4489960386326738,False,0.6358606474308277,213.16272683491576,20.0,,,False,-0.1822777787667268,-0.04803274803666979,False,-1.9770449307658475,361.41808492779967,20.0,100.0,,True,-0.0771876177579387,0.01912433282110859,False,-0.6344975110130715,103.54196941149446,,,,False,-0.107761073215344,-0.022875368705648436,False,-0.9796795226449573,165.09349244436993,,,,False,8.0,,,,,,,,,,,,,
sub-028,ses-02,mentalarithmetic,sub-028_ses-02_mentalarithmetic,3,11,18,declared_unverified,0.02969570784699327,-0.0061854727259449405,False,0.3045578313794634,193.6157287915351,,,,False,-0.012569860317109827,-0.08744583086033464,False,-0.1363368524047054,287.67269651879604,50.0,,,False,0.015597096955099143,-0.024780968098436773,False,0.12821122719546682,216.31732396583078,,,,False,-0.006987807288774128,-0.014843509313882008,False,-0.0635276868050565,315.31130906415126,,,,False,7.0,,,,,,,,,,,,,
sub-028,ses-02,motorimagery,sub-028_ses-02_motorimagery,1,11,18,declared_unverified,-0.07837339696755308,-0.430471502851308,False,-0.8037940008456993,210.62616908691055,,,,False,-0.07725609600360539,-0.061809059196087146,False,-0.8379451077805695,206.34200574563914,20.0,20.0,,True,-0.0909132659030153,-0.0909132659030153,False,-0.7473250582033925,153.23067320898394,,,,False,-0.057126525770465175,-0.11198495521796892,False,-0.5193497598649126,252.34401489409242,,,,False,3.0,,,,,,,,,,,,,
sub-028,ses-02,nback,sub-028_ses-02_nback,4,11,18,declared_unverified,-0.03375258393228875,-0.09881527796340239,False,-0.3461649683124832,161.34039187828103,,,,False,0.2097838418282545,0.06070874622297451,False,2.2753847663127456,412.3966049208917,130.0,130.0,140.0,True,0.07467545534315867,-0.10154431119985075,False,0.6138470382333934,233.90098783806135,,,,False,-0.009314264360650748,-0.2679369183245581,False,-0.0846780176770911,123.78119988397057,,,,False,6.0,,,,,,,,,,,,,
sub-028,ses-02,nbackarithmetic,sub-028_ses-02_nbackarithmetic,5,11,18,declared_unverified,0.10234861282280061,0.13523149823111869,False,1.049682726090147,204.47620310816268,,,,False,-0.06007516575046701,-0.037946480044950937,False,-0.6515950694345383,245.9960934259084,,,,False,0.029939395796726664,-0.08625891114874729,False,0.2461077652873222,166.59852417190945,,,,False,-0.03092893697015553,-0.13011336303076715,False,-0.2811817412609388,79.08734634155553,,,,False,8.0,,,,,,,,,,,,,
sub-028,ses-02,passivemotor,sub-028_ses-02_passivemotor,0,11,17,declared_unverified,-0.16380805871255322,-0.30662678372044305,False,-1.6800080126403305,486.45662410193256,20.0,20.0,20.0,True,-0.04612781904765817,-0.08579283228588597,False,-0.5003175451911095,254.31080850738638,60.0,,,False,-0.06989425308370578,-0.15844668893363278,False,-0.5745446083697522,187.95161540197682,,,,False,-0.05277873128123578,-0.3537905895845357,False,-0.4798230077393581,178.49015423111584,,,,False,4.0,,,,,,,,,,,,,
sub-028,ses-03,activemotor,sub-028_ses-03_activemotor,2,11,18,declared_unverified,-5.770811533012399e-05,-0.03564217505027889,False,-0.0007972405197201853,231.51123607514273,,,,False,-0.009207564382454958,0.10853528798391321,False,-0.054582917382270904,145.51901110708516,,,,False,0.007599149052449294,0.21140223648656664,False,0.033792246734570576,103.0302419741459,,,,False,-0.0006916463442124821,0.028959485027316045,False,-0.02085625302762653,616.4042267350268,50.0,50.0,60.0,True,3.0,,,,,,,,,,,,,
sub-028,ses-03,full,sub-028_ses-03_full,6,11,18,declared_unverified,0.08924816068468644,-0.017726023931893486,False,1.2329678347888815,295.50718169255344,80.0,,,False,-0.056965660556153375,-0.14048879752780907,False,-0.3376953789959794,97.84611561851584,,,,False,0.04953972705690701,-0.09778166572865588,False,0.22029554471375018,76.20538494828733,,,,False,-0.0776559503650972,-0.07813084859725739,False,-2.341676730409465,630.5781808783447,50.0,60.0,60.0,True,7.0,,,,,,,,,,,,,
sub-028,ses-03,mentalarithmetic,sub-028_ses-03_mentalarithmetic,3,11,18,declared_unverified,-0.01863528976421369,0.10144127021200955,False,-0.2574474666477722,227.47255164967297,,,,False,0.0666332835077158,0.2500247748544807,False,0.39500554734555804,175.50474226267232,100.0,,,False,0.028317322725019856,0.31819895755270977,False,0.12592277764020438,92.3457026173997,,,,False,0.05314599480379223,0.06442127633993067,False,1.6025911570382059,790.2672803336533,90.0,100.0,100.0,True,6.0,,,,,,,,,,,,,
sub-028,ses-03,motorimagery,sub-028_ses-03_motorimagery,1,11,18,declared_unverified,-0.15579757984774645,-0.08144679950683109,False,-2.15235141224803,454.732547386988,60.0,60.0,160.0,True,-0.10622749151967248,-0.2200069923432928,False,-0.6297220581365327,159.45631664428635,,,,False,-0.1547991543115702,-0.24244046806285213,False,-0.6883680239320309,139.39590553201353,,,,False,-0.0768181010660477,-0.11417116618482015,False,-2.3164117996739604,516.7918081461352,10.0,50.0,90.0,True,3.0,,,,,,,,,,,,,
sub-028,ses-03,nback,sub-028_ses-03_nback,4,11,18,declared_unverified,-0.0025191606658647725,-0.05307535850233247,False,-0.03480233147493372,231.23343630796867,,,,False,-0.03714568685192432,-0.1286871169842455,False,-0.2202015508476639,130.41257355803313,,,,False,-0.02308864964732449,-0.1408992319484743,False,-0.10267167287618573,77.76722952634623,,,,False,-0.1101137057146302,-0.1798421737241377,False,-3.3204242708875196,675.1173824835857,20.0,20.0,30.0,True,6.0,,,,,,,,,,,,,
sub-028,ses-03,passivemotor,sub-028_ses-03_passivemotor,0,11,18,declared_unverified,-0.12313529760796316,-0.07456857979071696,False,-1.701120338089222,382.1558163136798,90.0,90.0,110.0,True,0.06517707647673754,0.06286046312863802,False,0.38637307682872707,154.88421321328002,,,,False,0.03774997485667353,0.07160045187718711,False,0.16786833049016162,104.71831599957565,,,,False,-0.018066073216376988,-0.01860426836021456,False,-0.5447734920732864,373.9657221020125,110.0,,,False,3.0,,,,,,,,,,,,,
sub-029,ses-01,activemotor,sub-029_ses-01_activemotor,2,7,10,declared_unverified,0.37656895951071,0.7739561502559015,False,0.8759174557953036,96.99068727062709,,,,False,0.12126836077861625,-0.207080945175107,False,1.351674442160196,136.99771421783396,,,,False,0.16095951821555132,-0.16116450210270816,False,1.4001129613475027,131.3969488200421,,,,False,0.033456190255735097,-0.055879104372509314,False,0.8712457767350524,167.0653021380465,,,,False,1.0,,,,,,,,,,,,,
sub-029,ses-01,full,sub-029_ses-01_full,6,7,5,declared_unverified,0.5249784306370828,0.3398796577045431,False,1.2211250016690947,57.11144740610852,,,,False,0.10098297363463937,-0.06632624433899836,False,1.125570624348275,54.92461108165937,,,,False,0.040679079753044634,-0.07073645260959838,False,0.3538486412568287,39.38495779738559,,,,False,0.11674740700555386,0.0021072735583953506,False,3.0402650308016024,150.37734305191174,,,,False,7.0,,,,,,,,,,,,,
sub-029,ses-01,mentalarithmetic,sub-029_ses-01_mentalarithmetic,3,7,15,declared_unverified,0.3262793952623746,0.6162522480868151,False,0.7589415180369405,102.41935343297482,,,,False,0.05562698520757403,-0.004886394501914193,False,0.6200263095562483,101.372978985995,,,,False,0.021325581452457665,0.09440766653529165,False,0.1855014436603421,54.553359238484376,,,,False,-0.06302180465806384,-0.04147382946142353,False,-1.6411755412332727,260.1063819181325,20.0,20.0,,True,1.0,,,,,,,,,,,,,
sub-029,ses-01,motorimagery,sub-029_ses-01_motorimagery,1,7,18,declared_unverified,-0.2364046205724899,-0.048781008037217743,False,-0.5498884827341171,97.16867637324674,,,,False,0.8838390275455057,0.961422412455065,False,9.851395836857403,1689.2042263770973,10.0,10.0,10.0,True,0.9306669362580174,1.0225037561466175,False,8.095444460808075,1397.3233658901247,10.0,10.0,10.0,True,-0.04755018008227818,-0.06050053908393038,False,-1.2382728954793147,300.6557086438764,100.0,,,False,1.0,,,,,,,,,,,,,
sub-029,ses-01,nback,sub-029_ses-01_nback,4,7,9,declared_unverified,0.3602901421654783,0.20239633188903605,False,0.838052146102973,73.00667982287723,,,,False,0.1330126604472942,0.16154060754178312,False,1.4825780810095939,145.61094924253322,,,,False,0.12887815859901652,0.1230676889161253,False,1.1210519408205364,115.0124784034598,,,,False,-0.02301131982720983,-6.521432979100794e-05,False,-0.5992468079392075,75.39554925330812,,,,False,6.0,,,,,,,,,,,,,
sub-029,ses-01,nbackarithmetic,sub-029_ses-01_nbackarithmetic,5,7,14,declared_unverified,0.3946112234884749,,False,0.9178846269097929,117.85555888675374,,,,False,0.2605736175631608,,False,2.9043906992717954,423.3148226451977,60.0,70.0,80.0,True,0.280598527286685,,False,2.4407977816073707,352.7377467413138,70.0,70.0,80.0,True,0.0811865444639428,,False,2.11421065731766,317.24259648789166,30.0,90.0,90.0,True,7.0,,,,,,,,,,,,,
sub-029,ses-02,activemotor,sub-029_ses-02_activemotor,2,8,9,declared_unverified,0.12186115757226856,-0.134110425836782,False,0.580968124261296,82.49160244324904,,,,False,-0.03721855398324858,-0.10559949399597945,False,-0.1519600593625085,26.350413881996552,,,,False,-0.12690612428860937,-0.15541003876984538,False,-0.370455315142886,30.814484043734474,,,,False,-0.024074552140686212,-0.02434513418791484,False,-0.6643091650194903,165.99670142946582,,,,False,1.0,,,,,,,,,,,,,
sub-029,ses-02,full,sub-029_ses-02_full,6,8,18,declared_unverified,-0.09525190479508239,,False,-0.45410959130514394,94.67277278686456,,,,False,0.6186505357396452,,False,2.52589534182216,437.13886970049805,30.0,60.0,90.0,True,0.6054673961520154,,False,1.76743727938723,326.8558617063576,30.0,,,False,-0.09842877295175556,,False,-2.716027097466494,617.9187454107558,30.0,40.0,50.0,True,7.0,,,,,,,,,,,,,
sub-029,ses-02,mentalarithmetic,sub-029_ses-02_mentalarithmetic,3,8,18,declared_unverified,-0.42060904563166646,-0.3407992476898234,False,-2.0052365590163337,343.51942017651277,20.0,,,False,0.663608460583107,0.8406889295419593,False,2.7094545669092636,474.620383845741,10.0,20.0,50.0,True,0.7462983354913988,1.0189407310989829,False,2.1785409223933914,376.98304235195553,20.0,70.0,,True,-0.19774944846181608,-0.15058710006343046,False,-5.456665204945715,927.8030592192317,10.0,30.0,30.0,True,1.0,,,,,,,,,,,,,
sub-029,ses-02,motorimagery,sub-029_ses-02_motorimagery,1,8,18,declared_unverified,-0.4965083926342395,-0.3622205237853118,False,-2.367083616267468,381.23461812524806,20.0,20.0,130.0,True,0.6930503947264739,0.4375608656643972,False,2.8296633762624364,503.62864783240155,20.0,20.0,50.0,True,0.7457933188805115,0.4924303030412054,False,2.177066713888582,401.51808623312576,20.0,30.0,130.0,True,-0.11117521913695794,-0.03966934717924342,False,-3.067750401508664,541.4197356160564,30.0,30.0,30.0,True,1.0,,,,,,,,,,,,,
sub-029,ses-02,nback,sub-029_ses-02_nback,4,8,17,declared_unverified,-0.2859131979360401,-0.29119691473532194,False,-1.3630795703540075,252.3539364039314,30.0,,,False,0.6183668251767218,0.38272053989630517,False,2.524736976722779,410.4290301817873,40.0,50.0,120.0,True,0.6563476710229759,0.42329887737162375,False,1.9159633522425663,308.19110345224254,50.0,,,False,-0.0739976902085161,-0.09844122314841453,False,-2.041879886634065,371.3894392151901,20.0,20.0,20.0,True,5.0,,,,,,,,,,,,,
sub-029,ses-02,nbackarithmetic,sub-029_ses-02_nbackarithmetic,5,8,18,declared_unverified,-0.1342033071569546,-0.4221340928040087,False,-0.6398088216288318,103.64404115775389,,,,False,0.5545400293753184,0.5238568610672127,False,2.2641378227829083,402.3719461529747,60.0,70.0,160.0,True,0.5954512873460367,0.5335570759319466,False,1.738198968273215,306.5634602119324,70.0,160.0,,True,-0.07602299498437592,-0.21351748347725852,False,-2.0977658078632135,391.3554913726011,60.0,80.0,80.0,True,6.0,,,,,,,,,,,,,
sub-029,ses-03,activemotor,sub-029_ses-03_activemotor,2,5,5,declared_unverified,0.14721976803103454,,False,0.5802527543367234,39.843883596797,,,,False,-0.22379157310091702,,False,-1.5079870503035098,82.38298674908225,160.0,,,False,-0.15153412374556097,,False,-2.652321644498539,211.7624830412725,160.0,160.0,160.0,True,-0.08226056900152234,,False,-0.5148193191621885,26.30718901146482,,,,False,1.0,,,,,,,,,,,,,
sub-029,ses-03,full,sub-029_ses-03_full,6,5,18,declared_unverified,-0.0763417701516429,-0.2474712863962092,False,-0.3008938472997305,92.91040661701169,,,,False,0.41276887176563193,0.5630529965371842,False,2.781383162762228,502.88003647414666,10.0,70.0,70.0,True,0.5421939033677432,0.5807293375688571,False,9.490091009679539,1745.026568351745,10.0,10.0,10.0,True,-0.24101925027279936,-0.24101925027279936,False,-1.5083942140994355,271.6510909220172,60.0,,,False,8.0,,,,,,,,,,,,,
sub-029,ses-03,mentalarithmetic,sub-029_ses-03_mentalarithmetic,3,5,17,declared_unverified,-0.2631210757575668,-0.11191302311805096,False,-1.0370667674206968,162.40751392968826,,,,False,0.5489546787740958,0.6786838128250146,False,3.699051467061104,601.057393307763,20.0,30.0,40.0,True,0.7258346672665739,0.8821439653601788,False,12.704379388176747,2044.3096412560626,20.0,20.0,20.0,True,-0.2490136017339757,-0.18426540010396963,False,-1.5584260413326008,270.2496099959161,80.0,,,False,1.0,,,,,,,,,,,,,
sub-029,ses-03,motorimagery,sub-029_ses-03_motorimagery,1,5,18,declared_unverified,-0.25010559987007785,,False,-0.9857675035125602,194.08094093122503,,,,False,0.5034116839169571,,False,3.3921666030558155,602.5019461059293,20.0,20.0,20.0,True,0.6674438044600737,,False,11.682356457403294,2074.4004310738546,10.0,10.0,10.0,True,-0.16971920936741602,,False,-1.0621702338779233,210.94104728477566,,,,False,1.0,,,,,,,,,,,,,
sub-029,ses-03,nback,sub-029_ses-03_nback,4,5,18,declared_unverified,-0.11394080927986217,,False,-0.44908689437724225,99.72567754994886,,,,False,0.47265548760076403,,False,3.184920435924684,476.22202575363525,70.0,70.0,70.0,True,0.5584779853561623,,False,9.775113432689642,1563.3085144697493,30.0,40.0,40.0,True,-0.1983381750930775,,False,-1.2412790903914053,209.84623244879427,,,,False,6.0,,,,,,,,,,,,,
sub-029,ses-03,nbackarithmetic,sub-029_ses-03_nbackarithmetic,5,5,17,declared_unverified,-0.07567748794417639,-0.2877616658872224,False,-0.29827564197517065,78.0311288776461,,,,False,0.3846895031849562,0.3730273929997512,False,2.592174411004342,444.7087994417367,20.0,40.0,80.0,True,0.4903255684400152,0.4903255684400152,False,8.582232739921716,1491.5786070564577,20.0,20.0,20.0,True,-0.24491458873258076,-0.8399247107384289,False,-1.5327727896200332,264.0620036101757,40.0,,,False,7.0,,,,,,,,,,,,,
sub-029,ses-03,passivemotor,sub-029_ses-03_passivemotor,0,5,10,declared_unverified,0.0010376767819169075,0.0010376767819169075,False,0.0040899046294622515,97.39926691419107,,,,False,-0.24884425258906173,-0.3489414968425313,False,-1.6768008966876646,151.69399789399688,50.0,,,False,-0.21192809334018037,-0.39488664437003607,False,-3.709405216129963,347.99819737901885,30.0,30.0,50.0,True,-0.2090618745280335,-0.611244129990181,False,-1.3083922614892347,123.7963331354019,,,,False,1.0,,,,,,,,,,,,,
sub-030,ses-01,activemotor,sub-030_ses-01_activemotor,2,12,18,declared_unverified,-0.13199560346420647,-0.1451774173508822,False,-0.7146420636867826,173.07240188346714,,,,False,-0.09332995060692362,-0.03379356831525793,False,-0.9204584181770743,190.90424077122006,,,,False,-0.11450394414231002,-0.05020420547812976,False,-0.804403579391813,172.67086972675204,,,,False,-0.07244419447808736,-0.05250148094597984,False,-0.5697803299932265,108.56625147474973,,,,False,1.0,,,,,,,,,,,,,
sub-030,ses-01,full,sub-030_ses-01_full,6,12,17,declared_unverified,0.16550388115533532,0.2900834705078654,False,0.8960604146871756,161.52920976226966,,,,False,-0.03890621501019631,-0.037493661275728285,False,-0.38370911901978233,97.15712108669662,,,,False,-0.005347805051756693,0.010498573558559765,False,-0.03756895500626828,62.91342669995135,,,,False,0.061757090856842556,0.061757090856842556,False,0.4857252656522655,93.39521851628137,,,,False,7.0,,,,,,,,,,,,,
sub-030,ses-01,mentalarithmetic,sub-030_ses-01_mentalarithmetic,3,12,18,declared_unverified,-0.060821943862044314,-0.20458471539159007,False,-0.3292982367461945,151.57201166192337,,,,False,-0.026972594166251973,-0.13232582530007608,False,-0.2660148344550683,133.85133175577963,,,,False,-0.004586000979898697,-0.115691484292753,False,-0.032217192437843774,96.61728749038411,,,,False,0.041775697273063184,-0.27402984475882386,False,0.3285697459876218,85.69019485795675,,,,False,2.0,,,,,,,,,,,,,
sub-030,ses-01,motorimagery,sub-030_ses-01_motorimagery,1,12,18,declared_unverified,-0.3360456814386428,-0.1554097934389902,False,-1.8193968054509142,280.00838183313283,20.0,70.0,,True,0.14280228699156994,0.22026936299092448,False,1.408374978681046,323.85664425853923,130.0,,,False,0.06614906056632253,0.19549686046800452,False,0.46470487537812216,201.84463751706664,,,,False,-0.09148517444771809,0.023583931691561144,False,-0.7195394090837129,136.89523211637018,,,,False,1.0,,,,,,,,,,,,,
sub-030,ses-01,nback,sub-030_ses-01_nback,4,12,18,declared_unverified,0.08904217607466891,0.30069880976051144,False,0.482086393751886,129.9380624241839,,,,False,-0.0535026886336919,-0.0418762851791572,False,-0.5276655546020963,150.30242649355336,,,,False,-0.03269490536419528,-0.03965328166908266,False,-0.22968552830065542,97.60233554744502,,,,False,0.04714007716360591,0.04445987589138367,False,0.3707610929445816,114.42973192939598,,,,False,6.0,,,,,,,,,,,,,
sub-030,ses-01,nbackarithmetic,sub-030_ses-01_nbackarithmetic,5,12,18,declared_unverified,0.16508834274026585,0.08360654519606747,False,0.8938106334619478,150.42138496377424,,,,False,-0.07058218996639765,-0.09526346535960606,False,-0.6961106322831866,165.59362454188994,,,,False,-0.04309837501045222,-0.09935111849743561,False,-0.3027711174847484,108.87085211449718,,,,False,-0.0909485250797768,-0.1474698027433612,False,-0.7153186118734041,135.3589633406542,,,,False,6.0,,,,,,,,,,,,,
sub-030,ses-02,full,sub-030_ses-02_full,6,9,18,declared_unverified,-0.10422474691287409,-0.0736957838201937,False,-0.657347896291677,127.06546565612578,,,,False,-0.10537075395123341,-0.12102107763509384,False,-2.7412438800515933,621.4340082909825,10.0,10.0,10.0,True,-0.13150051381216465,-0.1663098197268289,False,-2.263184403608846,482.4267987785221,10.0,10.0,10.0,True,-0.07265830472204127,-0.2912181926596915,False,-0.577712430570313,170.77291705650677,10.0,,,False,7.0,,,,,,,,,,,,,
sub-030,ses-02,mentalarithmetic,sub-030_ses-02_mentalarithmetic,3,9,17,declared_unverified,-0.1341221947080229,0.06142100391142091,False,-0.8459117930124826,167.17835256848082,,,,False,0.055002367434940136,-0.02564685193615779,False,1.4308989683148587,737.2344736195486,50.0,,,False,0.034800458151554525,0.015639403925571393,False,0.5989319116999129,412.3443770243679,160.0,160.0,,True,-0.0063740399846465845,-0.09120405668667919,False,-0.05068054018284127,96.80441024480912,,,,False,3.0,,,,,,,,,,,,,
sub-030,ses-02,motorimagery,sub-030_ses-02_motorimagery,1,9,18,declared_unverified,-0.37129861448104684,-0.4392525177227975,False,-2.3417889738716378,443.50608357202185,20.0,20.0,,True,0.1951720874663242,0.20813547251505815,False,5.077445783215757,846.5736648958502,30.0,30.0,30.0,True,0.11531853642769119,0.1349139086146186,False,1.9846851204166653,492.69309386304997,20.0,70.0,70.0,True,-0.0514661597665691,-0.03413254168338109,False,-0.40921186318079805,125.40155026235621,,,,False,1.0,,,,,,,,,,,,,
sub-030,ses-02,nback,sub-030_ses-02_nback,4,9,18,declared_unverified,-0.5983148797333893,-0.5248581728331838,False,-3.7735858245022014,591.0116821068777,30.0,40.0,50.0,True,0.014936934835772964,0.015484442844664992,False,0.38858772163898714,624.1428770365264,10.0,160.0,160.0,True,-0.04266824650303247,-0.019568128658063788,False,-0.7343401726394467,448.27435916611887,10.0,20.0,40.0,True,-0.10810737069691823,-0.11366626354558829,False,-0.8595710032983537,144.5772310112562,,,,False,6.0,,,,,,,,,,,,,
sub-030,ses-02,nbackarithmetic,sub-030_ses-02_nbackarithmetic,5,9,18,declared_unverified,0.06870601427392908,-0.07153504025947899,False,0.4333304256743132,120.51168306942333,,,,False,-0.025990445795638473,-0.018967642434730925,False,-0.6761472970961171,300.02406707128574,40.0,,,False,-0.04097625321539089,-0.13195233591166167,False,-0.7052201889329853,233.24863290057277,,,,False,-0.047309675912961424,0.015336199789498073,False,-0.3761633025395873,100.71153852947523,,,,False,7.0,,,,,,,,,,,,,
sub-030,ses-03,activemotor,sub-030_ses-03_activemotor,2,11,18,declared_unverified,0.13631030370887776,0.10257302563656223,False,0.6509317676326967,154.6440623448779,110.0,,,False,0.09305884575062595,0.14897397136391122,False,0.968850468600541,159.51504998680676,,,,False,0.04263177423438036,0.17811247136190012,False,0.41097806846011453,118.4294184098672,,,,False,0.003615879880265682,-0.03115780698415538,False,0.029746163147206014,67.68579330774976,,,,False,1.0,,,,,,,,,,,,,
sub-030,ses-03,full,sub-030_ses-03_full,6,11,18,declared_unverified,-0.15848723118603392,-0.08511822543134406,False,-0.7568347420270463,130.8324565203586,,,,False,0.13309420227497204,0.10404844096808707,False,1.385664943531224,360.493011217401,130.0,130.0,130.0,True,0.10676421240505818,0.1673998707066119,False,1.0292264533412507,310.6866960781577,130.0,130.0,130.0,True,-0.04424633455161309,0.059777306445038314,False,-0.36399402906644074,94.68174559352404,,,,False,7.0,,,,,,,,,,,,,
sub-030,ses-03,mentalarithmetic,sub-030_ses-03_mentalarithmetic,3,11,18,declared_unverified,0.13539172869846472,0.13539172869846472,False,0.6465452345610041,183.73184158459765,,,,False,-0.003386305244148846,0.0038972523140720083,False,-0.03525536337953084,142.12888099594008,,,,False,-0.02178477976901838,-0.02459748898905545,False,-0.2100092447965715,122.32160524538953,,,,False,-0.011777715597943716,-0.011777715597943716,False,-0.09688979205030976,62.58699928825592,,,,False,3.0,,,,,,,,,,,,,
sub-030,ses-03,motorimagery,sub-030_ses-03_motorimagery,1,11,18,declared_unverified,-0.3370708216514915,-0.19913541741305774,False,-1.6096369811016764,270.51947866303186,20.0,,,False,0.16939106114114322,0.11661227908671545,False,1.7635573237510926,330.4305157254304,10.0,,,False,0.12291611280067505,0.12719470233385077,False,1.1849337150202048,234.95255870351087,,,,False,0.012523448041022123,-0.036890575419918026,False,0.10302458624992945,74.63878549727029,,,,False,1.0,,,,,,,,,,,,,
sub-030,ses-03,nback,sub-030_ses-03_nback,4,11,18,declared_unverified,-0.05932541420834725,-0.23829620888143466,False,-0.28330064335163085,126.07000688485924,,,,False,0.19128861429515664,0.10977151309005995,False,1.9915362382040311,352.3330773507819,90.0,90.0,100.0,True,0.10850138611952787,0.05268607092752964,False,1.0459731243530497,256.7857154639501,100.0,120.0,,True,-0.016779210122297217,-0.18421244799693381,False,-0.1380347628534724,108.77283495460317,,,,False,7.0,,,,,,,,,,,,,
sub-030,ses-03,nbackarithmetic,sub-030_ses-03_nbackarithmetic,5,11,18,declared_unverified,-0.038210525946487994,-0.17012514521502164,False,-0.18246929630237857,80.40762377639265,,,,False,-0.05485006245221291,-0.15894884269107923,False,-0.5710527385220449,145.87270262972015,,,,False,-0.06889847875875388,-0.15171683295963878,False,-0.66419388422445,144.16560056051313,,,,False,-0.1132570110104717,-0.0533743566587247,False,-0.9317127887652514,159.6754947750619,,,,False,7.0,,,,,,,,,,,,,
